device_id,device_name,total_publications,burst_number,burst_start_date,burst_end_date,burst_duration_days,publications_in_burst,burst_intensity,years_covered
N12159,SURGICEL/SURGICEL NU-KNIT/SURGICEL FIBRILLAR ABSORBABLE HEMOSTAT,100,1,2003-08-20,2003-09-01,12,9,2,2003
N12159,SURGICEL/SURGICEL NU-KNIT/SURGICEL FIBRILLAR ABSORBABLE HEMOSTAT,100,2,2009-01-01,2009-12-01,334,10,1,2009
N12159,SURGICEL/SURGICEL NU-KNIT/SURGICEL FIBRILLAR ABSORBABLE HEMOSTAT,100,3,2009-12-01,2010-01-05,35,6,2,"2009, 2010"
N12159,SURGICEL/SURGICEL NU-KNIT/SURGICEL FIBRILLAR ABSORBABLE HEMOSTAT,100,4,2010-01-05,2011-01-01,361,9,1,"2010, 2011"
N12159,SURGICEL/SURGICEL NU-KNIT/SURGICEL FIBRILLAR ABSORBABLE HEMOSTAT,100,5,2011-01-01,2011-04-01,90,9,2,2011
N12159,SURGICEL/SURGICEL NU-KNIT/SURGICEL FIBRILLAR ABSORBABLE HEMOSTAT,100,6,2011-04-01,2013-12-01,975,30,1,"2011, 2012, 2013"
N12159,SURGICEL/SURGICEL NU-KNIT/SURGICEL FIBRILLAR ABSORBABLE HEMOSTAT,100,7,2013-12-01,2013-12-11,10,3,2,2013
N17004,SURGICAL SIMPLEX P RADIOPAQUE BONE CEMENT,7,1,1997-01-01,1997-03-01,59,4,2,1997
N17004,SURGICAL SIMPLEX P RADIOPAQUE BONE CEMENT,7,2,1997-03-01,1998-01-01,306,2,1,"1997, 1998"
N970012,AMS 700 INFLATABLE PENILE PROSTHESIS,7,0,,,,,,
P000006,TITAN INFLATABLE PENILE PROSTHESIS,6,0,,,,,,
P000007,CARPENTIER-EDWARDS PERIMOUNT PERICARDIAL BIOPROSTHESIS,100,1,2008-07-15,2008-09-07,54,6,1,2008
P000007,CARPENTIER-EDWARDS PERIMOUNT PERICARDIAL BIOPROSTHESIS,100,2,2010-03-17,2011-07-13,483,17,1,"2010, 2011"
P000007,CARPENTIER-EDWARDS PERIMOUNT PERICARDIAL BIOPROSTHESIS,100,3,2014-09-23,2015-02-10,140,9,1,"2014, 2015"
P000007,CARPENTIER-EDWARDS PERIMOUNT PERICARDIAL BIOPROSTHESIS,100,4,2019-11-27,2020-01-01,35,5,1,"2019, 2020"
P000008,LAP-BAND ADJUSTABLE GASTRIC BANDING SYSTEM,20,1,2010-01-01,2011-10-01,638,9,2,"2010, 2011"
P000013,TRIDENT SYSTEM,75,1,2004-01-01,2004-01-01,0,4,2,2004
P000013,TRIDENT SYSTEM,75,2,2006-01-01,2006-05-01,120,7,1,2006
P000013,TRIDENT SYSTEM,75,3,2007-01-01,2007-01-01,0,11,2,2007
P000013,TRIDENT SYSTEM,75,4,2008-12-01,2009-01-01,31,6,2,"2008, 2009"
P000013,TRIDENT SYSTEM,75,5,2011-12-16,2012-01-01,16,5,2,"2011, 2012"
P000013,TRIDENT SYSTEM,75,6,2012-01-01,2013-11-01,670,14,1,"2012, 2013"
P000025,COMBI 40+ COCHLEAR IMPLANT SYSTEM,10,1,2002-01-01,2002-05-01,120,4,1,2002
P000025,COMBI 40+ COCHLEAR IMPLANT SYSTEM,10,2,2005-12-23,2006-05-03,131,4,1,"2005, 2006"
P000036,DERMAGRAFT,100,1,1997-01-01,1997-01-01,0,5,2,1997
P000036,DERMAGRAFT,100,2,1997-01-01,1997-02-01,31,2,1,1997
P000036,DERMAGRAFT,100,3,2006-08-29,2007-07-01,306,13,1,"2006, 2007"
P000036,DERMAGRAFT,100,4,2011-07-26,2011-08-29,34,2,1,2011
P000036,DERMAGRAFT,100,5,2011-08-29,2011-12-14,107,9,2,2011
P000037,"ON-X (R) PROSTHETIC HEART VALVE, MODEL ONXA",4,0,,,,,,
P000048,DORNIER EPOS ULTRA,18,0,,,,,,
P000054,INFUSE BONE GRAFT,100,1,2008-01-01,2008-01-01,0,4,2,2008
P000054,INFUSE BONE GRAFT,100,2,2009-04-10,2009-09-01,144,10,1,2009
P000054,INFUSE BONE GRAFT,100,3,2010-11-03,2011-12-19,411,17,1,"2010, 2011"
P000054,INFUSE BONE GRAFT,100,4,2011-12-19,2012-01-01,13,6,2,"2011, 2012"
P000054,INFUSE BONE GRAFT,100,5,2012-01-01,2012-01-27,26,2,1,2012
P000054,INFUSE BONE GRAFT,100,6,2013-05-01,2014-10-06,523,21,1,"2013, 2014"
P000058,INFUSE BONE GRAFT/LT-CAGE LUMBAR TAPERED FUSION DEVICE,100,1,2004-03-01,2004-03-01,0,4,2,2004
P000058,INFUSE BONE GRAFT/LT-CAGE LUMBAR TAPERED FUSION DEVICE,100,2,2008-01-01,2008-01-01,0,4,2,2008
P000058,INFUSE BONE GRAFT/LT-CAGE LUMBAR TAPERED FUSION DEVICE,100,3,2009-04-10,2009-09-01,144,11,1,2009
P000058,INFUSE BONE GRAFT/LT-CAGE LUMBAR TAPERED FUSION DEVICE,100,4,2010-12-01,2011-04-04,124,8,1,"2010, 2011"
P000058,INFUSE BONE GRAFT/LT-CAGE LUMBAR TAPERED FUSION DEVICE,100,5,2011-04-04,2011-05-28,54,8,2,2011
P000058,INFUSE BONE GRAFT/LT-CAGE LUMBAR TAPERED FUSION DEVICE,100,6,2011-12-01,2011-12-19,18,2,1,2011
P000058,INFUSE BONE GRAFT/LT-CAGE LUMBAR TAPERED FUSION DEVICE,100,7,2011-12-19,2012-01-01,13,8,2,"2011, 2012"
P000058,INFUSE BONE GRAFT/LT-CAGE LUMBAR TAPERED FUSION DEVICE,100,8,2012-01-01,2012-12-01,335,14,1,2012
P010023,SOUNDTEC DIRECT SYSTEM,8,0,,,,,,
P010029,EUFLEXXA (1% SODIUM HYALURONATE),8,1,2011-07-25,2011-09-01,38,4,2,2011
P020004,EXCLUDER BIFURCATED ENDOPROSTHESIS,20,1,2006-01-01,2007-05-01,485,8,1,"2006, 2007"
P020018,ZENITH AAA ENDOVASCULAR GRAFT AND H&L-B ONE-SHOT INTRODUCTINO SYSTEM,100,1,2005-12-01,2006-01-01,31,6,1,"2005, 2006"
P020018,ZENITH AAA ENDOVASCULAR GRAFT AND H&L-B ONE-SHOT INTRODUCTINO SYSTEM,100,2,2007-01-01,2007-01-26,25,6,2,2007
P020018,ZENITH AAA ENDOVASCULAR GRAFT AND H&L-B ONE-SHOT INTRODUCTINO SYSTEM,100,3,2007-01-26,2007-06-01,126,6,1,2007
P020018,ZENITH AAA ENDOVASCULAR GRAFT AND H&L-B ONE-SHOT INTRODUCTINO SYSTEM,100,4,2007-12-03,2009-03-06,459,27,1,"2008, 2009, 2007"
P020018,ZENITH AAA ENDOVASCULAR GRAFT AND H&L-B ONE-SHOT INTRODUCTINO SYSTEM,100,5,2011-11-21,2012-02-16,87,9,1,"2011, 2012"
P020049,PROCOL VASCULAR BIOPROSTHESIS,3,0,,,,,,
P020056,NATRELLE SILICONE-FILLED BREAST IMPLANTS,6,1,2009-01-20,2009-05-01,101,3,1,2009
P030030,TEGRESS URETHRAL IMPLANT,5,0,,,,,,
P030039,COSEAL SURGICAL SEALANT,12,1,2009-05-21,2011-12-16,939,7,1,"2009, 2011"
P030039,COSEAL SURGICAL SEALANT,12,2,2011-12-16,2012-01-06,21,4,2,"2011, 2012"
P040001,X STOP INTERSPINOUS PROCESS DECOMPRESSION SYSTEM,100,1,2009-01-01,2009-01-01,0,4,2,2009
P040001,X STOP INTERSPINOUS PROCESS DECOMPRESSION SYSTEM,100,2,2009-01-01,2009-10-01,273,13,1,2009
P040001,X STOP INTERSPINOUS PROCESS DECOMPRESSION SYSTEM,100,3,2010-04-24,2010-07-15,82,7,1,2010
P040001,X STOP INTERSPINOUS PROCESS DECOMPRESSION SYSTEM,100,4,2011-12-22,2012-01-01,10,12,2,"2011, 2012"
P040001,X STOP INTERSPINOUS PROCESS DECOMPRESSION SYSTEM,100,5,2012-01-01,2012-02-07,37,3,1,2012
P040001,X STOP INTERSPINOUS PROCESS DECOMPRESSION SYSTEM,100,6,2013-01-01,2013-01-01,0,6,2,2013
P040001,X STOP INTERSPINOUS PROCESS DECOMPRESSION SYSTEM,100,7,2013-01-01,2013-01-24,23,2,1,2013
P040001,X STOP INTERSPINOUS PROCESS DECOMPRESSION SYSTEM,100,8,2014-06-10,2014-07-05,25,5,1,2014
P040002,ENDOLOGIX POWERLINK SYSTEM,4,0,,,,,,
P040006,CHARITE ARTIFICIAL DISC,100,1,2007-01-01,2007-01-04,3,5,2,2007
P040006,CHARITE ARTIFICIAL DISC,100,2,2007-01-04,2007-02-01,28,3,1,2007
P040006,CHARITE ARTIFICIAL DISC,100,3,2008-10-22,2008-11-28,37,3,1,2008
P040006,CHARITE ARTIFICIAL DISC,100,4,2008-11-28,2009-01-01,34,8,2,"2008, 2009"
P040006,CHARITE ARTIFICIAL DISC,100,5,2009-06-01,2010-01-01,214,13,1,"2009, 2010"
P040006,CHARITE ARTIFICIAL DISC,100,6,2010-01-01,2010-01-01,0,5,2,2010
P040006,CHARITE ARTIFICIAL DISC,100,7,2010-01-01,2010-04-03,92,5,1,2010
P040006,CHARITE ARTIFICIAL DISC,100,8,2014-07-01,2014-07-07,6,4,2,2014
P040020,ACRYSOF RESTOR APODIZED DIFFRACTIVE OPTIC POSTERIOR CHAMBER IOL,98,1,2008-06-01,2008-07-18,47,6,1,2008
P040020,ACRYSOF RESTOR APODIZED DIFFRACTIVE OPTIC POSTERIOR CHAMBER IOL,98,2,2009-01-01,2009-01-01,0,5,2,2009
P040020,ACRYSOF RESTOR APODIZED DIFFRACTIVE OPTIC POSTERIOR CHAMBER IOL,98,3,2009-07-03,2009-08-01,29,3,1,2009
P040020,ACRYSOF RESTOR APODIZED DIFFRACTIVE OPTIC POSTERIOR CHAMBER IOL,98,4,2009-08-01,2009-08-01,0,4,2,2009
P040020,ACRYSOF RESTOR APODIZED DIFFRACTIVE OPTIC POSTERIOR CHAMBER IOL,98,5,2009-12-01,2010-02-09,70,7,1,"2009, 2010"
P040020,ACRYSOF RESTOR APODIZED DIFFRACTIVE OPTIC POSTERIOR CHAMBER IOL,98,6,2010-12-25,2011-01-01,7,7,2,"2010, 2011"
P040020,ACRYSOF RESTOR APODIZED DIFFRACTIVE OPTIC POSTERIOR CHAMBER IOL,98,7,2012-01-01,2012-01-01,0,9,2,2012
P040020,ACRYSOF RESTOR APODIZED DIFFRACTIVE OPTIC POSTERIOR CHAMBER IOL,98,8,2013-12-01,2014-01-01,31,3,1,"2013, 2014"
P040020,ACRYSOF RESTOR APODIZED DIFFRACTIVE OPTIC POSTERIOR CHAMBER IOL,98,9,2014-01-01,2014-01-01,0,5,2,2014
P040020,ACRYSOF RESTOR APODIZED DIFFRACTIVE OPTIC POSTERIOR CHAMBER IOL,98,10,2015-01-01,2015-01-01,0,4,2,2015
P040020,ACRYSOF RESTOR APODIZED DIFFRACTIVE OPTIC POSTERIOR CHAMBER IOL,98,11,2015-01-01,2015-04-23,112,7,1,2015
P040033,BIRMINGHAM HIP RESURFACING (BHR) SYSTEM,15,1,2016-08-01,2016-08-25,24,4,2,2016
P040034,DURASEAL DURAL SEALANT SYSTEM,4,0,,,,,,
P040043,GORE TAG THORACIC ENDOPROSTHESIS,100,1,2008-01-31,2008-04-23,83,6,1,2008
P040043,GORE TAG THORACIC ENDOPROSTHESIS,100,2,2008-04-23,2008-05-05,12,5,2,2008
P040043,GORE TAG THORACIC ENDOPROSTHESIS,100,3,2008-05-05,2008-11-24,203,11,1,2008
P040043,GORE TAG THORACIC ENDOPROSTHESIS,100,4,2008-11-24,2009-01-01,38,8,2,"2008, 2009"
P040043,GORE TAG THORACIC ENDOPROSTHESIS,100,5,2009-01-01,2009-03-01,59,4,1,2009
P040046,NATRELLE HIGHLY COHESIVE SILICONE-FILLED BREAST IMPLANTS,4,0,,,,,,
P040050,MACROPLASTIQUE IMPLANTS,38,1,2004-11-01,2005-04-12,162,6,1,"2004, 2005"
P040050,MACROPLASTIQUE IMPLANTS,38,2,2010-07-01,2011-06-01,335,9,1,"2010, 2011"
P050004,EMS SWISS DOLORCLAST,11,0,,,,,,
P050013,HISTOACRYL AND HISTOACRYL BLUE TOPICAL SKIN ADHESIVE,3,0,,,,,,
P050016,CORMET HIP RESURFACING SYSTEM,3,0,,,,,,
P050033,HYDRELLE,5,1,2011-01-18,2011-03-01,42,4,2,2011
P050043,"FEMORAL INTRODUCER SHEATH AND HEMOSTASIS (FISH) DEVICE 5,6, AND 8 FRENCH",20,1,2014-09-18,2016-12-20,824,8,1,"2016, 2014, 2015"
P050052,RADIESSE INJECTABLE IMPLANT,5,0,,,,,,
P050053,INFUSE BONE GRAFT,100,1,2013-05-01,2013-08-18,109,7,1,2013
P050053,INFUSE BONE GRAFT,100,2,2015-01-01,2015-01-12,11,7,2,2015
P050053,INFUSE BONE GRAFT,100,3,2018-07-23,2019-07-12,354,15,1,"2018, 2019"
P050053,INFUSE BONE GRAFT,100,4,2021-01-01,2021-06-11,161,10,1,2021
P060018,PRESTIGE CERVICAL DISC SYSTEM,17,1,2014-01-01,2014-09-15,257,3,1,2014
P060018,PRESTIGE CERVICAL DISC SYSTEM,17,2,2014-09-15,2015-01-01,108,4,2,"2014, 2015"
P060023,BRYAN CERVICAL DISC PROSTHESIS,100,1,2004-09-01,2004-09-01,0,8,2,2004
P060023,BRYAN CERVICAL DISC PROSTHESIS,100,2,2006-11-04,2007-04-01,148,9,1,"2006, 2007"
P060023,BRYAN CERVICAL DISC PROSTHESIS,100,3,2009-05-04,2010-07-01,423,17,1,"2009, 2010"
P060025,ATS 3F AORTIC BIOPROSTHESIS,6,1,2010-01-01,2010-02-20,50,4,2,2010
P060028,MENTOR MEMORYSHAPE BREAST IMPLANTS,20,1,2020-12-26,2020-12-26,0,6,2,2020
P060028,MENTOR MEMORYSHAPE BREAST IMPLANTS,20,2,2020-12-26,2020-12-30,4,3,1,2020
P060028,MENTOR MEMORYSHAPE BREAST IMPLANTS,20,3,2021-02-06,2021-02-10,4,3,1,2021
P060028,MENTOR MEMORYSHAPE BREAST IMPLANTS,20,4,2021-02-10,2021-02-10,0,4,2,2021
P060028,MENTOR MEMORYSHAPE BREAST IMPLANTS,20,5,2021-03-07,2021-03-11,4,4,1,2021
P060029,ETHICON OMNEX SURGICAL SEALANT,4,0,,,,,,
P060037,NEXGEN LPS-FLEX MOBILE AND LPS-MOBILE BEARING KNEE SYSTEM,30,1,2007-03-01,2007-07-01,122,2,1,2007
P060037,NEXGEN LPS-FLEX MOBILE AND LPS-MOBILE BEARING KNEE SYSTEM,30,2,2007-07-01,2007-11-01,123,6,2,2007
P060037,NEXGEN LPS-FLEX MOBILE AND LPS-MOBILE BEARING KNEE SYSTEM,30,3,2017-05-30,2017-09-15,108,2,1,2017
P060037,NEXGEN LPS-FLEX MOBILE AND LPS-MOBILE BEARING KNEE SYSTEM,30,4,2017-09-15,2017-10-01,16,4,2,2017
P060038,MITROFLOW AORTIC PERICARDIAL HEART VALVE,7,0,,,,,,
P070004,SIENTRA SILICONE GEL BREAST IMPLANTS,3,0,,,,,,
P070016,ZENITH TX2 THORACIC TAA ENDOVASCULAR GRAFT WITH THE H&LB ONE-SHOT INTRODUCTION SYSTEM,4,0,,,,,,
P080020,GEL-ONE,100,1,2011-11-24,2012-02-01,69,7,1,"2011, 2012"
P080020,GEL-ONE,100,2,2017-08-07,2018-03-08,213,10,1,"2017, 2018"
P080020,GEL-ONE,100,3,2021-01-01,2021-06-24,174,8,1,2021
P080020,GEL-ONE,100,4,2021-06-24,2021-07-20,26,4,2,2021
P080028,STORZ MEDICAL DUOLITH SD1 SHOCK WAVE THERAPY,24,1,2020-01-01,2025-06-27,2004,20,1,"2020, 2021, 2023, 2024, 2025"
P090012,MELAFIND,100,1,2015-09-25,2016-01-01,98,7,1,"2016, 2015"
P090012,MELAFIND,100,2,2017-01-01,2017-05-19,138,9,1,2017
P090012,MELAFIND,100,3,2018-10-31,2019-01-17,78,10,2,"2018, 2019"
P090012,MELAFIND,100,4,2019-01-17,2019-03-01,43,3,1,2019
P090012,MELAFIND,100,5,2020-05-07,2021-05-12,370,15,1,"2020, 2021"
P090016,BELOTERO BALANCE,68,1,2013-08-01,2013-10-01,61,3,1,2013
P090016,BELOTERO BALANCE,68,2,2013-10-01,2013-10-01,0,4,2,2013
P090016,BELOTERO BALANCE,68,3,2013-10-01,2014-01-01,92,4,1,"2013, 2014"
P090016,BELOTERO BALANCE,68,4,2014-11-25,2015-06-01,188,10,1,"2014, 2015"
P090016,BELOTERO BALANCE,68,5,2018-08-20,2018-10-23,64,6,1,2018
P090016,BELOTERO BALANCE,68,6,2019-06-20,2019-09-01,73,6,1,2019
P090018,ESTEEM TOTALLY IMPLANTABLE HEARING SYSTEM,23,1,2014-04-09,2015-02-01,298,8,2,"2014, 2015"
P090029,PRESTIGE LP CERVICAL DISC,100,1,2015-05-01,2015-09-04,126,8,1,2015
P090029,PRESTIGE LP CERVICAL DISC,100,2,2016-12-29,2017-03-01,62,7,1,"2016, 2017"
P090029,PRESTIGE LP CERVICAL DISC,100,3,2019-05-10,2020-07-31,448,15,1,"2019, 2020"
P090029,PRESTIGE LP CERVICAL DISC,100,4,2020-07-31,2020-10-28,89,12,2,2020
P090029,PRESTIGE LP CERVICAL DISC,100,5,2021-12-01,2022-02-08,69,7,1,"2021, 2022"
P090031,MONOVISC,64,1,2020-07-21,2021-05-28,311,12,1,"2020, 2021"
P090031,MONOVISC,64,2,2021-05-28,2021-07-10,43,6,2,2021
P090031,MONOVISC,64,3,2021-07-10,2022-04-26,290,9,1,"2021, 2022"
P100003,SECURE-C ARTIFICIAL CERVICAL DISC,4,0,,,,,,
P100006,AUGMENT BONE GRAFT,100,1,2015-03-20,2015-03-21,1,4,2,2015
P100006,AUGMENT BONE GRAFT,100,2,2019-11-06,2019-11-25,19,5,2,2019
P100006,AUGMENT BONE GRAFT,100,3,2019-11-25,2021-08-28,642,23,1,"2019, 2020, 2021"
P100009,MITRACLIP DELIVERY SYSTEM,93,1,2016-05-15,2016-06-15,31,7,2,2016
P100009,MITRACLIP DELIVERY SYSTEM,93,2,2016-06-15,2016-08-31,77,2,1,2016
P100009,MITRACLIP DELIVERY SYSTEM,93,3,2016-08-31,2017-02-01,154,16,2,"2016, 2017"
P100009,MITRACLIP DELIVERY SYSTEM,93,4,2021-02-09,2021-06-07,118,9,1,2021
P100009,MITRACLIP DELIVERY SYSTEM,93,5,2022-03-26,2022-11-18,237,9,1,2022
P100009,MITRACLIP DELIVERY SYSTEM,93,6,2022-11-18,2022-12-14,26,8,2,2022
P100029,ST JUDE MEDICAL TRIFECTA VALVE,19,1,2018-09-25,2020-09-15,721,8,1,"2018, 2019, 2020"
P100030,ARTERX SURGICAL SEALANT,3,0,,,,,,
P100040,VALIANT CAPTIVIA,100,1,2013-01-01,2013-03-01,59,5,1,2013
P100040,VALIANT CAPTIVIA,100,2,2018-11-30,2019-01-25,56,6,1,"2018, 2019"
P100040,VALIANT CAPTIVIA,100,3,2020-12-31,2022-03-24,448,23,1,"2020, 2021, 2022"
P100040,VALIANT CAPTIVIA,100,4,2024-02-14,2024-03-26,41,4,1,2024
P100049,LINX REFLUX MANAGEMENT SYSTEM,100,1,2014-02-28,2014-05-14,75,8,1,2014
P100049,LINX REFLUX MANAGEMENT SYSTEM,100,2,2017-01-01,2017-01-01,0,4,2,2017
P100049,LINX REFLUX MANAGEMENT SYSTEM,100,3,2018-01-01,2018-04-04,93,4,1,2018
P100049,LINX REFLUX MANAGEMENT SYSTEM,100,4,2018-04-04,2018-05-03,29,6,2,2018
P100049,LINX REFLUX MANAGEMENT SYSTEM,100,5,2018-05-03,2018-08-01,90,5,1,2018
P100049,LINX REFLUX MANAGEMENT SYSTEM,100,6,2019-03-16,2021-03-27,742,27,1,"2019, 2020, 2021"
P100049,LINX REFLUX MANAGEMENT SYSTEM,100,7,2021-03-27,2021-04-01,5,5,2,2021
P100049,LINX REFLUX MANAGEMENT SYSTEM,100,8,2021-04-01,2021-11-02,215,9,1,2021
P100049,LINX REFLUX MANAGEMENT SYSTEM,100,9,2022-12-06,2022-12-30,24,6,2,2022
P110021,TRANSCATHER HEART VALVE AND TRANSFEMORAL AND TRANSAPICAL ACCESSORIES,3,0,,,,,,
P110033,JUVEDERM VOLUMA XC,13,1,2022-07-13,2023-04-29,290,4,1,"2022, 2023"
P110038,RELAYPLUS,20,1,2020-02-19,2020-11-19,274,6,1,2020
P110038,RELAYPLUS,20,2,2020-11-19,2021-01-30,72,8,2,"2020, 2021"
P110039,EXABLATE,100,1,2008-01-01,2008-03-19,78,5,1,2008
P110039,EXABLATE,100,2,2018-01-01,2018-02-01,31,8,2,2018
P110039,EXABLATE,100,3,2018-02-01,2019-02-07,371,11,1,"2018, 2019"
P110039,EXABLATE,100,4,2020-01-01,2020-06-01,152,10,1,2020
P120024,ACTIVL ARTIFICIAL DISC,16,0,,,,,,
P130004,RESURE SEALANT,50,1,2018-12-14,2019-07-01,199,10,1,"2018, 2019"
P130004,RESURE SEALANT,50,2,2021-03-08,2021-05-07,60,7,2,2021
P130004,RESURE SEALANT,50,3,2021-05-07,2022-01-28,266,4,1,"2021, 2022"
P130004,RESURE SEALANT,50,4,2022-01-28,2023-01-01,338,10,2,"2022, 2023"
P130004,RESURE SEALANT,50,5,2023-01-01,2023-04-24,113,5,1,2023
P130004,RESURE SEALANT,50,6,2024-02-27,2024-03-01,3,4,2,2024
P130006,GORE VIABAHN ENDOPROSTHESIS AND ENDOPROSTHESIS WITH HEPARIN BIOACTIVE SURFACE,70,1,2015-09-26,2016-03-01,157,7,1,"2016, 2015"
P130006,GORE VIABAHN ENDOPROSTHESIS AND ENDOPROSTHESIS WITH HEPARIN BIOACTIVE SURFACE,70,2,2021-01-01,2021-12-01,334,12,1,2021
P130006,GORE VIABAHN ENDOPROSTHESIS AND ENDOPROSTHESIS WITH HEPARIN BIOACTIVE SURFACE,70,3,2022-11-01,2022-12-01,30,2,1,2022
P130006,GORE VIABAHN ENDOPROSTHESIS AND ENDOPROSTHESIS WITH HEPARIN BIOACTIVE SURFACE,70,4,2022-12-01,2022-12-09,8,5,2,2022
P130006,GORE VIABAHN ENDOPROSTHESIS AND ENDOPROSTHESIS WITH HEPARIN BIOACTIVE SURFACE,70,5,2022-12-09,2023-12-22,378,11,1,"2022, 2023"
P130014,ADHERUS AUTOSPRAY DURAL SEALANT,4,0,,,,,,
P130016,NUCLEUS HYBRID L24 COCHLEAR IMPLANT SYSTEM,6,0,,,,,,
P130021,MEDTRONIC COREVALVE SYSTEM,100,1,2011-11-25,2015-01-01,1133,42,1,"2011, 2012, 2013, 2014, 2015"
P130021,MEDTRONIC COREVALVE SYSTEM,100,2,2017-01-01,2017-03-09,67,7,1,2017
P140004,SUPERION INTERSPINOUS SPACER,59,1,2018-07-02,2019-09-20,445,11,1,"2018, 2019"
P140004,SUPERION INTERSPINOUS SPACER,59,2,2020-10-18,2021-04-19,183,7,1,"2020, 2021"
P140004,SUPERION INTERSPINOUS SPACER,59,3,2023-04-03,2023-05-29,56,2,1,2023
P140004,SUPERION INTERSPINOUS SPACER,59,4,2023-05-29,2023-08-01,64,6,2,2023
P140005,GENVISC 850,4,1,2016-07-01,2016-07-15,14,3,2,2016
P140016,ZENITH ALPHA THORACIC ENDOVASCULAR GRAFT,68,1,2016-05-23,2016-07-21,59,8,2,2016
P140016,ZENITH ALPHA THORACIC ENDOVASCULAR GRAFT,68,2,2019-12-12,2020-05-08,148,8,1,"2019, 2020"
P140016,ZENITH ALPHA THORACIC ENDOVASCULAR GRAFT,68,3,2020-05-08,2020-06-04,27,6,2,2020
P140016,ZENITH ALPHA THORACIC ENDOVASCULAR GRAFT,68,4,2020-06-04,2021-05-20,350,14,1,"2020, 2021"
P140019,I-FACTOR PEPTIDE ENHANCED BONE GRAFT,15,1,2023-06-13,2023-12-01,171,6,1,2023
P140029,"RESTYLANE REFYNE, RESTYLANE DEFYNE",3,0,,,,,,
P140031,EDWARDS COMMANDER DELIVERY SYSTEM,64,1,2017-04-03,2017-07-01,89,6,1,2017
P140031,EDWARDS COMMANDER DELIVERY SYSTEM,64,2,2020-10-28,2021-01-01,65,3,1,"2020, 2021"
P140031,EDWARDS COMMANDER DELIVERY SYSTEM,64,3,2021-01-01,2021-02-02,32,8,2,2021
P140031,EDWARDS COMMANDER DELIVERY SYSTEM,64,4,2021-02-02,2021-08-11,190,4,1,2021
P140031,EDWARDS COMMANDER DELIVERY SYSTEM,64,5,2021-08-11,2021-09-01,21,6,2,2021
P140031,EDWARDS COMMANDER DELIVERY SYSTEM,64,6,2021-09-01,2021-12-10,100,2,1,2021
P140031,EDWARDS COMMANDER DELIVERY SYSTEM,64,7,2021-12-10,2022-01-14,35,6,2,"2021, 2022"
P140031,EDWARDS COMMANDER DELIVERY SYSTEM,64,8,2023-10-18,2023-11-22,35,6,2,2023
P140031,EDWARDS COMMANDER DELIVERY SYSTEM,64,9,2023-11-22,2024-04-13,143,5,1,"2024, 2023"
P140031,EDWARDS COMMANDER DELIVERY SYSTEM,64,10,2025-05-13,2025-05-27,14,4,2,2025
P150010,HYMOVIS,100,1,2015-07-01,2015-07-01,0,4,2,2015
P150010,HYMOVIS,100,2,2017-04-01,2017-11-13,226,11,1,2017
P150010,HYMOVIS,100,3,2019-03-19,2019-06-25,98,8,1,2019
P150010,HYMOVIS,100,4,2020-12-01,2021-01-29,59,3,1,"2020, 2021"
P150010,HYMOVIS,100,5,2021-01-29,2021-07-10,162,17,2,2021
P150010,HYMOVIS,100,6,2021-07-10,2022-01-15,189,7,1,"2021, 2022"
P150010,HYMOVIS,100,7,2022-01-15,2022-02-28,44,7,2,2022
P150010,HYMOVIS,100,8,2022-02-28,2023-11-30,640,26,1,"2022, 2023"
P150017,CARTIVA SYNTHETIC CARTILAGE IMPLANT,48,1,2022-10-01,2022-10-01,0,10,2,2022
P150017,CARTIVA SYNTHETIC CARTILAGE IMPLANT,48,2,2023-10-01,2024-12-13,439,21,1,"2024, 2023"
P150017,CARTIVA SYNTHETIC CARTILAGE IMPLANT,48,3,2024-12-13,2025-01-01,19,4,2,"2024, 2025"
P150036,EDWARDS INTUITY ELITE VALVE SYSTEM,38,1,2018-01-01,2018-01-16,15,6,2,2018
P150036,EDWARDS INTUITY ELITE VALVE SYSTEM,38,2,2022-12-30,2023-03-01,61,3,1,"2022, 2023"
P150036,EDWARDS INTUITY ELITE VALVE SYSTEM,38,3,2023-03-01,2023-06-01,92,8,2,2023
P150036,EDWARDS INTUITY ELITE VALVE SYSTEM,38,4,2023-06-01,2023-11-17,169,3,1,2023
P160042,REVANESSE ULTRA,3,0,,,,,,
P160057,TRIVISC,3,0,,,,,,
P170002,"RHA 2, RHA 3, RHA 4",6,0,,,,,,
P170007,DUROLANE,100,1,2014-11-21,2015-05-01,161,10,1,"2014, 2015"
P170007,DUROLANE,100,2,2016-01-01,2016-05-23,143,10,1,2016
P170007,DUROLANE,100,3,2018-02-15,2018-07-17,152,11,1,2018
P170007,DUROLANE,100,4,2019-04-01,2019-06-20,80,11,2,2019
P170007,DUROLANE,100,5,2020-05-30,2020-09-11,104,8,1,2020
P170012,HEMOBLAST BELLOWS,7,1,2019-12-05,2020-02-02,59,3,1,"2019, 2020"
P170029,CALCIVIS IMAGING SYSTEM,40,1,2018-06-01,2018-06-01,0,6,2,2018
P170029,CALCIVIS IMAGING SYSTEM,40,2,2019-01-01,2020-02-01,396,22,2,"2019, 2020"
P170036,M6-C ARTIFICIAL CERVICAL DISC,22,1,2020-08-15,2021-07-19,338,5,1,"2020, 2021"
P170036,M6-C ARTIFICIAL CERVICAL DISC,22,2,2021-07-19,2022-03-14,238,12,2,"2021, 2022"
P180001,ZENITH DISSECTION ENDOVASCULAR SYSTEM,54,1,2015-06-19,2016-01-01,196,5,1,"2016, 2015"
P180001,ZENITH DISSECTION ENDOVASCULAR SYSTEM,54,2,2016-01-01,2016-01-01,0,4,2,2016
P180001,ZENITH DISSECTION ENDOVASCULAR SYSTEM,54,3,2019-12-01,2022-01-27,788,20,1,"2019, 2020, 2021, 2022"
P180024,TRANSPYLORIC SHUTTLE/TRANSPYLORIC SHUTTLE DELIVERY DEVICE,76,1,2015-04-09,2015-04-13,4,4,1,2015
P180024,TRANSPYLORIC SHUTTLE/TRANSPYLORIC SHUTTLE DELIVERY DEVICE,76,2,2019-02-01,2019-06-01,120,8,1,2019
P180024,TRANSPYLORIC SHUTTLE/TRANSPYLORIC SHUTTLE DELIVERY DEVICE,76,3,2021-06-16,2021-10-01,107,6,1,2021
P180024,TRANSPYLORIC SHUTTLE/TRANSPYLORIC SHUTTLE DELIVERY DEVICE,76,4,2021-10-01,2021-11-26,56,7,2,2021
P180024,TRANSPYLORIC SHUTTLE/TRANSPYLORIC SHUTTLE DELIVERY DEVICE,76,5,2022-12-01,2024-01-01,396,18,1,"2024, 2022, 2023"
P180029,LOTUS EDGE VALVE SYSTEM,8,1,2021-03-03,2022-01-01,304,4,1,"2021, 2022"
P180040,TRILURON,4,0,,,,,,
P190006,AXONICS SACRAL NEUROMODULATION SYSTEM,8,0,,,,,,
P190009,OPRA IMPLANT SYSTEM,51,1,2018-11-13,2019-01-01,49,3,1,"2018, 2019"
P190009,OPRA IMPLANT SYSTEM,51,2,2019-01-01,2019-01-01,0,4,2,2019
P190009,OPRA IMPLANT SYSTEM,51,3,2020-04-29,2020-07-16,78,7,1,2020
P190009,OPRA IMPLANT SYSTEM,51,4,2021-04-30,2023-02-22,663,19,1,"2021, 2022, 2023"
P190016,TULA® SYSTEM,6,1,2021-08-31,2023-03-31,577,4,1,"2021, 2023"
P190018,"CLAREON ASPHERIC HYDROPHOBIC ACRYLIC INTRAOCULAR LENS (IOL), CLAREON TORIC ASPHERIC HYDROPHOBIC ACRYLIC INTRAOCULAR LENS",6,1,2023-11-01,2024-01-12,72,4,1,"2024, 2023"
P200015,EDWARDS COMMANDER DELIVERY SYSTEM,62,1,2017-04-03,2017-07-01,89,6,1,2017
P200015,EDWARDS COMMANDER DELIVERY SYSTEM,62,2,2020-10-28,2021-01-01,65,3,1,"2020, 2021"
P200015,EDWARDS COMMANDER DELIVERY SYSTEM,62,3,2021-01-01,2021-02-02,32,8,2,2021
P200015,EDWARDS COMMANDER DELIVERY SYSTEM,62,4,2021-02-02,2021-08-11,190,4,1,2021
P200015,EDWARDS COMMANDER DELIVERY SYSTEM,62,5,2021-08-11,2021-09-01,21,6,2,2021
P200015,EDWARDS COMMANDER DELIVERY SYSTEM,62,6,2021-09-01,2021-12-10,100,2,1,2021
P200015,EDWARDS COMMANDER DELIVERY SYSTEM,62,7,2021-12-10,2022-01-14,35,6,2,"2021, 2022"
P200015,EDWARDS COMMANDER DELIVERY SYSTEM,62,8,2023-10-18,2023-11-22,35,6,2,2023
P200015,EDWARDS COMMANDER DELIVERY SYSTEM,62,9,2023-11-22,2024-04-13,143,5,1,"2024, 2023"
P200015,EDWARDS COMMANDER DELIVERY SYSTEM,62,10,2025-05-13,2025-05-27,14,4,2,2025
P200020,SBL-3 MULTIFOCAL INTRAOCULAR LENS,3,0,,,,,,
P200021,NEURO COCHLEAR IMPLANT SYSTEM,22,1,2021-04-16,2021-06-28,73,6,1,2021
P200021,NEURO COCHLEAR IMPLANT SYSTEM,22,2,2022-02-23,2022-02-23,0,4,2,2022
P200021,NEURO COCHLEAR IMPLANT SYSTEM,22,3,2022-02-23,2022-07-11,138,5,1,2022
P200022,SIMPLIFY® CERVICAL ARTIFICIAL DISC,9,0,,,,,,
P200045,RELAYPRO,33,1,2021-09-29,2021-11-20,52,6,1,2021
P210032,GORE TAG THORACIC BRANCH ENDOPROSTHESIS (TBE DEVICE),35,1,2022-11-29,2025-09-16,1022,23,1,"2024, 2025, 2022, 2023"
P210034,AGILI-C,94,1,2017-01-01,2017-01-01,0,4,2,2017
P210034,AGILI-C,94,2,2019-01-01,2019-01-01,0,4,2,2019
P210034,AGILI-C,94,3,2020-01-01,2020-01-01,0,5,2,2020
P210034,AGILI-C,94,4,2020-01-01,2020-01-29,28,3,1,2020
P210034,AGILI-C,94,5,2021-11-11,2021-12-01,20,5,1,2021
P210034,AGILI-C,94,6,2023-02-18,2023-03-24,34,8,2,2023
P210034,AGILI-C,94,7,2023-03-24,2023-05-02,39,3,1,2023
P210034,AGILI-C,94,8,2024-04-01,2024-04-03,2,5,2,2024
P210034,AGILI-C,94,9,2025-06-12,2025-08-23,72,8,1,2025
P210036,PERCLOT® POLYSACCHARIDE HEMOSTATIC SYSTEM,5,1,2023-01-13,2023-11-27,318,4,1,2023
P220002,TOPS SYSTEM,40,0,,,,,,
P230007,TRICLIP G4 SYSTEM,8,0,,,,,,
P230013,EDWARDS EVOQUE TRICUSPID VALVE REPLACEMENT SYSTEM,6,1,2024-12-19,2025-05-12,144,4,1,"2024, 2025"
P230014,LUMICELL DIRECT VISUALIZATION SYSTEM (DVS),4,0,,,,,,
P230023,GORE EXCLUDER THORACOABDOMINAL BRANCH ENDOPROSTHESIS,29,1,2023-01-01,2024-01-01,365,11,1,"2024, 2023"
P240023,WRAPSODY® CELL-IMPERMEABLE ENDOPROSTHESIS,7,1,2021-09-12,2021-10-27,45,4,2,2021
P790027,POSTERIOR CHAMBER INTRAOCULAR LENS,100,1,2001-11-01,2002-04-01,151,6,1,"2001, 2002"
P790027,POSTERIOR CHAMBER INTRAOCULAR LENS,100,2,2002-04-01,2002-05-01,30,24,2,2002
P790027,POSTERIOR CHAMBER INTRAOCULAR LENS,100,3,2002-05-01,2002-07-01,61,3,1,2002
P790027,POSTERIOR CHAMBER INTRAOCULAR LENS,100,4,2003-02-01,2003-08-20,200,9,1,2003
P790027,POSTERIOR CHAMBER INTRAOCULAR LENS,100,5,2011-06-17,2011-07-15,28,7,2,2011
P790027,POSTERIOR CHAMBER INTRAOCULAR LENS,100,6,2011-07-15,2011-11-02,110,5,1,2011
P800002,AVITENE MICROFIBRILLAR COLLAGEN HEMOSTAT (MCH) NON-WOVEN WEB,15,1,1996-08-01,1997-07-01,334,7,2,"1996, 1997"
P830055,LCS TOTAL KNEE SYSTEM,10,1,2002-01-01,2002-02-01,31,9,2,2002
P850010,HELISTAT/HELITENE ABSORBABLE COLLAGEN HEMOSTATIC AGENTS,68,1,2001-03-01,2001-03-01,0,5,2,2001
P850010,HELISTAT/HELITENE ABSORBABLE COLLAGEN HEMOSTATIC AGENTS,68,2,2002-08-01,2002-11-01,92,7,1,2002
P850010,HELISTAT/HELITENE ABSORBABLE COLLAGEN HEMOSTATIC AGENTS,68,3,2005-11-01,2007-01-01,426,13,1,"2005, 2006, 2007"
P850010,HELISTAT/HELITENE ABSORBABLE COLLAGEN HEMOSTATIC AGENTS,68,4,2007-01-01,2007-01-01,0,6,2,2007
P850010,HELISTAT/HELITENE ABSORBABLE COLLAGEN HEMOSTATIC AGENTS,68,5,2008-08-31,2008-09-02,2,4,2,2008
P850010,HELISTAT/HELITENE ABSORBABLE COLLAGEN HEMOSTATIC AGENTS,68,6,2010-01-01,2010-11-01,304,11,1,2010
P880072,POSTERIOR CHAMBER INTRAOCULAR LENS,100,1,1999-04-01,1999-05-01,30,2,1,1999
P880072,POSTERIOR CHAMBER INTRAOCULAR LENS,100,2,1999-05-01,1999-05-01,0,6,2,1999
P880072,POSTERIOR CHAMBER INTRAOCULAR LENS,100,3,1999-05-01,1999-06-01,31,2,1,1999
P880072,POSTERIOR CHAMBER INTRAOCULAR LENS,100,4,2002-04-01,2002-05-01,30,2,1,2002
P880072,POSTERIOR CHAMBER INTRAOCULAR LENS,100,5,2002-05-01,2002-05-02,1,4,2,2002
P880072,POSTERIOR CHAMBER INTRAOCULAR LENS,100,6,2002-05-02,2003-04-01,334,11,1,"2002, 2003"
P880072,POSTERIOR CHAMBER INTRAOCULAR LENS,100,7,2003-04-01,2003-04-01,0,4,2,2003
P880072,POSTERIOR CHAMBER INTRAOCULAR LENS,100,8,2003-04-01,2003-07-01,91,5,1,2003
P880072,POSTERIOR CHAMBER INTRAOCULAR LENS,100,9,2010-02-01,2010-02-12,11,3,1,2010
P900033,INTEGRA DERMAL REGENERATION TEMPLATE,80,1,2005-01-01,2005-01-01,0,8,2,2005
P900033,INTEGRA DERMAL REGENERATION TEMPLATE,80,2,2005-01-01,2005-03-01,59,3,1,2005
P900033,INTEGRA DERMAL REGENERATION TEMPLATE,80,3,2006-05-01,2006-06-01,31,6,2,2006
P900033,INTEGRA DERMAL REGENERATION TEMPLATE,80,4,2006-06-01,2007-01-01,214,6,1,"2006, 2007"
P900033,INTEGRA DERMAL REGENERATION TEMPLATE,80,5,2007-01-01,2007-01-01,0,4,2,2007
P900033,INTEGRA DERMAL REGENERATION TEMPLATE,80,6,2009-01-01,2009-01-01,0,4,2,2009
P900033,INTEGRA DERMAL REGENERATION TEMPLATE,80,7,2009-12-01,2010-01-01,31,6,2,"2009, 2010"
P900033,INTEGRA DERMAL REGENERATION TEMPLATE,80,8,2010-11-10,2011-01-01,52,8,2,"2010, 2011"
P900033,INTEGRA DERMAL REGENERATION TEMPLATE,80,9,2011-01-01,2011-12-29,362,9,1,2011
P900060,CARBOMEDICS PROSTHETIC HEART VALVE (CPHV),4,0,,,,,,
P910056,SILICONE INTRAOCULAR LENSES,100,1,2001-11-01,2001-11-01,0,4,2,2001
P910056,SILICONE INTRAOCULAR LENSES,100,2,2001-11-01,2002-04-01,151,4,1,"2001, 2002"
P910056,SILICONE INTRAOCULAR LENSES,100,3,2002-04-01,2002-07-01,91,11,2,2002
P910056,SILICONE INTRAOCULAR LENSES,100,4,2003-12-23,2004-05-18,147,6,1,"2003, 2004"
P910056,SILICONE INTRAOCULAR LENSES,100,5,2004-05-18,2004-05-18,0,6,2,2004
P910056,SILICONE INTRAOCULAR LENSES,100,6,2004-05-18,2004-08-01,75,3,1,2004
P910056,SILICONE INTRAOCULAR LENSES,100,7,2006-05-31,2007-01-01,215,10,1,"2006, 2007"
P910061,BIOBURDEN TESTING,25,1,2008-10-14,2013-01-01,1540,14,1,"2008, 2009, 2010, 2011, 2012, 2013"
P910061,BIOBURDEN TESTING,25,2,2013-01-01,2013-02-22,52,4,2,2013
P940015,SYNVISC (HYLAN G-F 20),15,1,2007-01-01,2007-01-01,0,4,2,2007
P940015,SYNVISC (HYLAN G-F 20),15,2,2007-01-01,2010-11-01,1400,8,1,"2009, 2010, 2007"
P950002,BAK/PROXIMITY(TM) INTERBODY FUSION SYSTEM,100,1,2009-02-23,2011-01-01,677,23,1,"2009, 2010, 2011"
P950002,BAK/PROXIMITY(TM) INTERBODY FUSION SYSTEM,100,2,2011-01-01,2011-03-28,86,10,2,2011
P950002,BAK/PROXIMITY(TM) INTERBODY FUSION SYSTEM,100,3,2011-03-28,2011-11-09,226,10,1,2011
P950008,SILIKON 1000,22,1,2008-05-01,2009-11-19,567,11,1,"2008, 2009"
P950018,PERFLUORON,28,1,2007-06-01,2010-12-14,1292,15,1,"2008, 2009, 2010, 2007"
P950027,HYALGAN,100,1,2002-11-01,2004-01-01,426,16,1,"2002, 2003, 2004"
P950027,HYALGAN,100,2,2004-01-01,2004-01-01,0,4,2,2004
P950027,HYALGAN,100,3,2004-01-01,2004-02-01,31,2,1,2004
P950027,HYALGAN,100,4,2004-12-18,2005-11-01,318,14,1,"2004, 2005"
P950027,HYALGAN,100,5,2009-03-04,2009-12-09,280,13,1,2009
P950027,HYALGAN,100,6,2010-09-22,2010-11-15,54,5,1,2010
P950032,APLIGRAF (GRAFTSKIN),17,1,2009-05-01,2009-07-10,70,3,1,2009
P950034,SEPRAFILM BIORESORBABLE MEMBRANE,18,1,1997-01-01,1997-01-01,0,3,2,1997
P950034,SEPRAFILM BIORESORBABLE MEMBRANE,18,2,1997-01-01,1998-06-01,516,4,1,"1997, 1998"
P960007,TRANSCYTE,52,1,2004-06-15,2005-01-01,200,4,1,"2004, 2005"
P960007,TRANSCYTE,52,2,2005-01-01,2005-01-01,0,4,2,2005
P960007,TRANSCYTE,52,3,2005-01-01,2005-03-01,59,2,1,2005
P960007,TRANSCYTE,52,4,2007-12-28,2009-01-01,370,10,1,"2008, 2009, 2007"
P960025,LUMBAR I/F CAGE WITH VSP SPINE SYSTEM,47,1,2004-11-01,2005-04-20,170,6,1,"2004, 2005"
P960025,LUMBAR I/F CAGE WITH VSP SPINE SYSTEM,47,2,2007-01-01,2007-01-01,0,4,2,2007
P960025,LUMBAR I/F CAGE WITH VSP SPINE SYSTEM,47,3,2009-01-01,2009-01-12,11,9,2,2009
P960025,LUMBAR I/F CAGE WITH VSP SPINE SYSTEM,47,4,2009-01-12,2010-09-20,616,12,1,"2009, 2010"
P960052,DERMABOND TOPICAL SKIN ADHESIVE,28,1,2003-02-01,2003-04-01,59,7,2,2003
P960052,DERMABOND TOPICAL SKIN ADHESIVE,28,2,2003-04-01,2004-01-01,275,4,1,"2003, 2004"
P960052,DERMABOND TOPICAL SKIN ADHESIVE,28,3,2008-03-01,2008-03-01,0,4,2,2008
P970030,ST JUDE TORONTO SPV VALVE,4,0,,,,,,
P970031,FREESTYLE AORTIC ROOT BIOPROSTHESIS,90,1,1998-09-01,1998-09-01,0,4,2,1998
P970031,FREESTYLE AORTIC ROOT BIOPROSTHESIS,90,2,1998-09-01,1999-10-01,395,9,1,"1998, 1999"
P970031,FREESTYLE AORTIC ROOT BIOPROSTHESIS,90,3,1999-10-01,2000-06-01,244,18,2,"2000, 1999"
P970031,FREESTYLE AORTIC ROOT BIOPROSTHESIS,90,4,2002-11-25,2003-06-01,188,14,2,"2002, 2003"
P970031,FREESTYLE AORTIC ROOT BIOPROSTHESIS,90,5,2005-01-01,2005-09-01,243,10,2,2005
P970031,FREESTYLE AORTIC ROOT BIOPROSTHESIS,90,6,2007-01-01,2007-01-01,0,4,2,2007
P970034,POSTERIOR CHAMBER INTRAOCULAR LENSES,100,1,1999-04-01,1999-05-01,30,2,1,1999
P970034,POSTERIOR CHAMBER INTRAOCULAR LENSES,100,2,1999-05-01,1999-05-01,0,6,2,1999
P970034,POSTERIOR CHAMBER INTRAOCULAR LENSES,100,3,1999-05-01,1999-06-01,31,2,1,1999
P970034,POSTERIOR CHAMBER INTRAOCULAR LENSES,100,4,2002-04-01,2002-05-01,30,2,1,2002
P970034,POSTERIOR CHAMBER INTRAOCULAR LENSES,100,5,2002-05-01,2002-05-02,1,4,2,2002
P970034,POSTERIOR CHAMBER INTRAOCULAR LENSES,100,6,2002-05-02,2003-04-01,334,11,1,"2002, 2003"
P970034,POSTERIOR CHAMBER INTRAOCULAR LENSES,100,7,2003-04-01,2003-04-01,0,4,2,2003
P970034,POSTERIOR CHAMBER INTRAOCULAR LENSES,100,8,2003-04-01,2003-07-01,91,5,1,2003
P970034,POSTERIOR CHAMBER INTRAOCULAR LENSES,100,9,2010-02-01,2010-02-12,11,3,1,2010
P970042,MEDSTONE STS LITHOTRIPTER,10,1,2007-09-01,2008-12-26,482,6,2,"2008, 2007"
P980048,BAK/CERVICAL (BAK/C) INTERBODY FUSION SYSTEM,100,1,2001-04-01,2002-02-01,306,12,1,"2001, 2002"
P980048,BAK/CERVICAL (BAK/C) INTERBODY FUSION SYSTEM,100,2,2006-07-27,2008-01-01,523,18,1,"2008, 2006, 2007"
P980048,BAK/CERVICAL (BAK/C) INTERBODY FUSION SYSTEM,100,3,2009-01-01,2010-01-01,365,9,2,"2009, 2010"
P980048,BAK/CERVICAL (BAK/C) INTERBODY FUSION SYSTEM,100,4,2010-08-04,2011-09-26,418,16,1,"2010, 2011"
P990002,FEMSOFT URETHRAL INSERT,3,0,,,,,,
P990009,FLOSEAL MATRIX HEMOSTATIC SEALANT,7,0,,,,,,
P990046,ATS OPEN PIVOT BILEAFLET HEART VALVE,4,1,2006-08-25,2007-01-01,129,3,1,"2006, 2007"
P990052,VIBRANT P/ VIBRANT D SOUNDBRIDGE SYSTEM,6,0,,,,,,
P990075,MENTOR CORPORATION SALINE-FILLED AND SPECTRUM (R) MAMMARY PROSTHESES,4,0,,,,,,
