device_name,device_type,total_publications,total_citations,avg_citations,hype_score,peak_year,sustained_interest,num_bursts,burst_periods
MEDTRONIC ARRHYTHMIA MANAGEMENT DEVICES INCLUDING MODEL 7221B/CX/D/E MICRO JEWEL DEVICE USED WITH CPI ENDOTAK,Other,0,0,0.0,0.0,,False,0,[]
SNS URINARY INS INTERSTIM FAMILY,Other,0,0,0.0,0.0,,False,0,[]
CUTTING BALLOON MONORAIL(MR)/OVER THE WIRE(OTW),Other,0,0,0.0,0.0,,False,0,[]
MEDTRONIC RESTORE IMPLANTABLE NEUROSTIMULATION SYSTEM,Neuromodulation,0,0,0.0,0.0,,False,0,[]
"ASTRON PULSAR STENT SYSTEM, PULSAR-18 STENT SYSTEM",Cardiovascular,0,0,0.0,0.0,,False,0,[]
Avery Diaphragm Pacing System (alson known as Breathing Pacemaker System),Other,0,0,0.0,0.0,,False,0,[]
"LUMAX FAMILIES OF ICD'S & CRT-D'S, ILESTO & IFORNIA FAMILIES OF ICD'S & CRT-D'S",Other,0,0,0.0,0.0,,False,0,[]
ARCHITECT AUSAB / Alinity i Anti-HBs,Imaging,0,0,0.0,0.0,,False,0,[]
VICRLY (POLYGLACTIN 910) SUTURE,Imaging,0,0,0.0,0.0,,False,0,[]
COLLASTAT,Other,0,0,0.0,0.0,,False,0,[]
"CapSure Sense Lead, CapSure SP Novus Lead",Other,0,0,0.0,0.0,,False,0,[]
"CURRENT,FORTIFY,FORTIFY ASSURA FAMILIES OF ICD DEVICES",Other,0,0,0.0,0.0,,False,0,[]
NAVISTAR RMT DS,Other,0,0,0.0,0.0,,False,0,[]
"THORATEC HEARTMATE II VENTRICULAR ASSIST SYSTEM (LVAS), THORATEC VENTRICULAR ASSIST DEVICE SYSTEM",Cardiovascular,0,0,0.0,0.0,,False,0,[]
MED-EL COMBI 40+ COCHLEAR IMPLANT SYSTEM,Orthopedic,14,757,54.07142857142857,0.5357666666666667,2002.0,False,1,"[{'start': 1997, 'end': 2006, 'intensity': 1.75}]"
CapSureFix MRI SureScan Lead Model 5086MRI,Imaging,0,0,0.0,0.0,,False,0,[]
Merlin.net MN5000,Other,0,0,0.0,0.0,,False,0,[]
PROLIEVE THERMODILATATION SYSTEM,Other,4,13,3.25,0.028900000000000002,2006.0,True,0,[]
TELIGEN FAMILY,Other,0,0,0.0,0.0,,False,0,[]
COBAS AMPLICOR HCV TEST/COBAS AMPLIPREP/COBAS AMPLICOR HCV TEST,Diagnostic,14,371,26.5,0.3259666666666666,2007.0,False,1,"[{'start': 2006, 'end': 2011, 'intensity': 1.8333333333333333}]"
Diamondback 360 Coronary Orbital Atherectomy System (OAS) Micro Crown Orbital Atherectomy Device (OAD),Cardiovascular,0,0,0.0,0.0,,False,0,[]
"COBAS AMPLIPREP  / COBAS TAQMAN CMV TEST, V2.0",Diagnostic,0,0,0.0,0.0,,False,0,[]
SUREFIX TM  MODEL 5072 LEAD,Other,0,0,0.0,0.0,,False,0,[]
Longitudinal Surveillance Registry of the ACUITY Spiral Lead,Other,0,0,0.0,0.0,,False,0,[]
MEDTRONICS CARELINK HOME MONITOR AND CARDIOSIGHT READER,Other,0,0,0.0,0.0,,False,0,[]
"Evera MRI DF-I ICD,EVERA MRI ICD, Evera S DR/S VR/XT DR/ XT VR ICD, Intrinsic 30 ICD, Marquis VR ICD, Maxmo II ICD,",Imaging,0,0,0.0,0.0,,False,0,[]
ION PACLITAXEL-ELUTING PLATINUM CHRONIUM CORONARY STENT SYSTEM,Cardiovascular,0,0,0.0,0.0,,False,0,[]
HIRESOLUTION BIONIC EAR SYSTEM,Other,8,174,21.75,0.22986666666666666,2007.0,False,1,"[{'start': 2003, 'end': 2009, 'intensity': 1.6}]"
RxSight Light Adjustable Lens and Light Delivery Device,Other,0,0,0.0,0.0,,False,0,[]
WALLSTENT (TIPS/LLIAC/VENOUS) ENDOPROSTHESIS WITH UNISTEP PLUS DELIVERY SYSTEM,Cardiovascular,0,0,0.0,0.0,,False,0,[]
GORE-TEX(R) EXPANDED PTFE SUTURE,Other,0,0,0.0,0.0,,False,0,[]
LIFESTENT VASCULAR STENT SYSTEMS,Cardiovascular,1,0,0.0,0.003,2013.0,True,0,[]
LIBERTE MR & OTW CORONARY STENT SYSTEM,Cardiovascular,0,0,0.0,0.0,,False,0,[]
"LINOX SMART S65,LINOX SMART SD 65/18,LINOX S DX 65/15,LINOX S DX 65/17,PROTEGO DF-1 S 65,PROTEGO DF-1 SD 65/18,PROTEGO D",Other,0,0,0.0,0.0,,False,0,[]
ACS MULTI-LINK TM CORONARY STENT SYSTEM WITH THE 25MM STENT LENGTH,Cardiovascular,0,0,0.0,0.0,,False,0,[]
LUMA CERVICAL IMAGING SYSTEM,Imaging,1,15,15.0,0.0675,2007.0,False,0,[]
STYLE 17 & 17A POSTERIOR CHAMBER IOLS,Other,0,0,0.0,0.0,,False,0,[]
MODEL P-17 MOD. C LOOP W/NOTCH POSTERIOR CHAMBER,Other,0,0,0.0,0.0,,False,0,[]
CARTIVA SYNTHETIC CARTILAGE IMPLANT,Orthopedic,20,165,8.25,0.20916666666666667,2019.0,True,1,"[{'start': 2017, 'end': 2022, 'intensity': 3.3333333333333335}]"
BOSTON LENS(R) LENS - CLEAR,Other,0,0,0.0,0.0,,False,0,[]
NMP22 BLADDERCHEK TEST KIT,Diagnostic,1,5,5.0,0.024500000000000004,2006.0,True,0,[]
SELUTE STEROID ELUTING ENDOCARDIAL LEAD MODELS 4185 & 4285,Other,0,0,0.0,0.0,,False,0,[]
WaveWriter Alpha Spinal Cord Stimulator (SCS) System,Other,0,0,0.0,0.0,,False,0,[]
ANGIO-SEAL HEMOSTATIC PUNCTURE CLOSURE DEVICE,Imaging,13,178,13.692307692307692,0.21383589743589743,2000.0,True,1,"[{'start': 1995, 'end': 2000, 'intensity': 3.25}]"
Spectranetics Laser Sheath (SLS),Imaging,2,11,5.5,0.0313,2019.0,False,0,[]
AIRLENS(R) (AIRFOCON A) CONTACT LENS BLUE & CLEAR,Imaging,0,0,0.0,0.0,,False,0,[]
ADHERUS AUTOSPRAY DURAL SEALANT,Other,1,1,1.0,0.0073,2019.0,True,0,[]
NAVISTAR THERMOCOOL AND CELSIUS THERMOCOOL DEFLECTABLE DIAGNOSTIC/ABLATION CATHETER,Imaging,0,0,0.0,0.0,,False,0,[]
"Sprint Quattro Secure S MRI SureScan Lead Model 6935M, Sprint Quattro Secure MRI SureScan Lead Model 6947M",Imaging,0,0,0.0,0.0,,False,0,[]
"PROMUS ELEMENT PLUS EVEROLIMUS-ELUTING PLATINUM CHROMIUM CORONARY STENT SYSTEM,PROMUS PREMIER EVEROLIMUS-ELUTING PLATINU",Cardiovascular,0,0,0.0,0.0,,False,0,[]
"LIAISON® XL MUREX Anti-HBs, LIAISON® XL MUREX Control Anti-HBs and LIAISON® XL Murex Anti-HBs Verifiers",Other,0,0,0.0,0.0,,False,0,[]
"SyncroMed Infusion System, Ascenda Intrathecal Catheter Product Code:LKK",Imaging,0,0,0.0,0.0,,False,0,[]
HERCEPTEST KIT,Diagnostic,40,1727,43.175,0.6593666666666667,2010.0,False,1,"[{'start': 2005, 'end': 2014, 'intensity': 4.0}]"
ABIOMED(R) BVS 5000 BI-VENTRICULAR SUPPORT SYSTEM,Ventricular Assist Device,0,0,0.0,0.0,,False,0,[]
Atellica IM Anti-HBe2 (aHBe2),Other,0,0,0.0,0.0,,False,0,[]
"BELOS, CARDIAC AIRBAG, LEXOS, AND XELOS FAMILIES OF ICDS",Cardiovascular,0,0,0.0,0.0,,False,0,[]
SAPIEN 3 Transcatheter Heart Valve System,Cardiovascular,75,344,4.586666666666667,0.41321333333333327,2018.0,False,1,"[{'start': 2018, 'end': 2024, 'intensity': 10.714285714285714}]"
TECNIS FOLDABLE ACRYLIC INTRAOCULAR LENS (IOL) MODEL ZA9003,Other,2,0,0.0,0.006,2005.0,False,0,[]
MEDTRONIC{R} CAPSURE{TM} MODEL 5052/5525,Other,0,0,0.0,0.0,,False,0,[]
Endurant II/IIs Stent Graft System,Cardiovascular,3,4,1.3333333333333333,0.015533333333333333,2021.0,False,0,[]
XACT CAROTID STENT SYSTEM,Cardiovascular,2,31,15.5,0.0773,2013.0,False,0,[]
Solesta (Injectable Gel),Imaging,1,2,2.0,0.0116,2018.0,False,0,[]
ICP TELE-MONITOR & ICP TELE-SENSOR,Diabetes Management,0,0,0.0,0.0,,False,0,[]
AMVISC(TM),Other,0,0,0.0,0.0,,False,0,[]
"AMPLIA MRI CRT-D, AMPLIA MRI QUAD CRT-D, BRAVA CRT-D, BRAVA QUAD CRT-D, CLARIA MRI CRT-D, CLARIA MRI QUAD CRT-D, COMPIA",Imaging,0,0,0.0,0.0,,False,0,[]
"Rayner C-flex 570C, C-flex Aspheric 970C and 600C Aspheric Intraocular lenses",Other,0,0,0.0,0.0,,False,0,[]
"Neuroguard IEP® 3-in-1 Carotid Stent, Post-Dilation Balloon System with Integrated Embolic Protection",Cardiovascular,0,0,0.0,0.0,,False,0,[]
enVista One-Piece Hydrophobic Acrylic Toric Intraoculer Lens (IOL),Other,0,0,0.0,0.0,,False,0,[]
MAVERICK OTW/RANGER PTCA CATHETERS,Other,0,0,0.0,0.0,,False,0,[]
ISOMED CONSTANT FLOW INFUSION PUMP,Diabetes Management,0,0,0.0,0.0,,False,0,[]
NAVISTAR THERMOCOOL AND CELSIUS THERMOCOOL DEFLECTABLE DIAGNOSTIC / ABLATION CATHETERS,Imaging,0,0,0.0,0.0,,False,0,[]
GE SENOGRAPHE ESSENTIAL FULL FIELD MAMMOGRAPHY SYSYTEM (SENO ESSENTIAL,Other,0,0,0.0,0.0,,False,0,[]
MENTOR SALINE-FILLED AND SPECTRUM BREAST IMPLANT,Orthopedic,1,11,11.0,0.050300000000000004,2012.0,False,0,[]
"ESSENTIO MRI, PROPONENT MRI, ACCOLADE MRI",Imaging,0,0,0.0,0.0,,False,0,[]
EBI BONE HEALING SYSTEM(R),Other,0,0,0.0,0.0,,False,0,[]
HYBRID (PTCA) CATHETER,Other,0,0,0.0,0.0,,False,0,[]
CONTAK RENEWAL CARDIAC RESYNCHRONIZATION THERAPY PACEMAKER(CRT-P) DEVICES,Cardiovascular,0,0,0.0,0.0,,False,0,[]
SYNERGY Everolimus-Eluting Platinum Chromium Coronary Stent System,Cardiovascular,0,0,0.0,0.0,,False,0,[]
SILIKON 1000,Other,7,14,2.0,0.09986666666666666,2010.0,True,1,"[{'start': 2010, 'end': 2018, 'intensity': 1.4}]"
DEPUY CERAMAX CERAMIC TOTAL HIP SYSTEM,Orthopedic,0,0,0.0,0.0,,False,0,[]
PARAPERM E.W. (PASIFOCON A) RGP CONTACT LENS,Imaging,0,0,0.0,0.0,,False,0,[]
Open Pivot Heart Valve / Aortic Valved Graft,Cardiovascular,0,0,0.0,0.0,,False,0,[]
ACS RX STREAK(TM) .010 CORONARY DILATATION CATH.,Cardiovascular,0,0,0.0,0.0,,False,0,[]
ACTIVA PC NEUROSTIMULATOR,Neuromodulation,1,0,0.0,0.003,2010.0,False,0,[]
DEMA IPG/C & T SERIES IPGS,Other,0,0,0.0,0.0,,False,0,[]
CHILLI COOLED ABLATION SYSTEM,Other,3,129,43.0,0.2197,2000.0,False,0,[]
VISTAKON SENOFILCON A CONTACT LENSES FOR EXTENDED WEAR,Imaging,0,0,0.0,0.0,,False,0,[]
JUVEDERM HYALURONATE GEL IMPLANTS,Orthopedic,0,0,0.0,0.0,,False,0,[]
Simplify Cervical Artificial Disc,Other,12,41,3.4166666666666665,0.12863333333333332,2021.0,False,1,"[{'start': 2018, 'end': 2024, 'intensity': 2.0}]"
"InterStim® Therapy System, Verify® Evaluation System",Therapeutic,0,0,0.0,0.0,,False,0,[]
GELFOAM (ABSORBABLE GELATIN) STERILE SPONGE,Other,0,0,0.0,0.0,,False,0,[]
CARPENTIER-EDWARDS DURAFLEX LOW PRESSURE BIOPROSTHESIS MODELS 6625LP AND 6625-ESR-LP,Other,0,0,0.0,0.0,,False,0,[]
GIANTURCO-ROUBIN CORONARY FLEX-STENT(TM),Cardiovascular,0,0,0.0,0.0,,False,0,[]
MICROSCAN (R) RAPID FLUOROGENIC PANELS-GENTAMICIN GRAM NEGATIVE PANELS,Other,0,0,0.0,0.0,,False,0,[]
Zilver® PTX® Drug-Eluting Peripheral Stent,Cardiovascular,3,3,1.0,0.08056666666666666,2020.0,False,1,"[{'start': 2019, 'end': 2020, 'intensity': 1.5}]"
XIENCE V Everolimus Eluting Coronary Stent System / XIENCE nano Everolimus Eluting Coronary Stent System,Cardiovascular,0,0,0.0,0.0,,False,0,[]
Home Monitoring System Version 3.48,Other,0,0,0.0,0.0,,False,0,[]
CARPENTIER-EDWARDS PERIMOUNT PERICARDIAL BIOPROSTHESES,Other,14,120,8.571428571428571,0.17895238095238097,2016.0,False,1,"[{'start': 2010, 'end': 2019, 'intensity': 1.5555555555555556}]"
BOND Oracle HER2 IHC System,Other,3,9,3.0,0.0237,2015.0,False,0,[]
Resolute Onyx Coronary Stent System,Cardiovascular,8,50,6.25,0.13066666666666665,2022.0,True,1,"[{'start': 2018, 'end': 2022, 'intensity': 1.6}]"
NIDEK EXCIMER LASER SYSTEM EC-5000,Other,2,23,11.5,0.05890000000000001,2012.0,False,0,[]
NEOMEND PROGEL PLEURAL AIR LEAK SEALANT,Other,0,0,0.0,0.0,,False,0,[]
MYNX VASCULAR CLOSURE DEVICE,Other,27,177,6.555555555555555,0.2269888888888889,2011.0,True,1,"[{'start': 2007, 'end': 2014, 'intensity': 3.857142857142857}]"
PROVISC OPHTHALMIC VISCOSURGICAL DEVICE,Other,4,67,16.75,0.09910000000000001,2002.0,False,0,[]
ZENITH FLEX AAA ENDOVASCULAR GRAFT,Other,6,156,26.0,0.1688,2010.0,True,0,[]
ZENITH ALPHA THORACIC ENDOVASCULAR GRAFT,Other,23,91,3.9565217391304346,0.17879275362318842,2019.0,False,1,"[{'start': 2018, 'end': 2024, 'intensity': 3.2857142857142856}]"
FREESTYLE NAVIGATOR CONTINUOUS GLUCOSE MONITORING SYSTEM,Diabetes Management,28,2241,80.03571428571429,0.6506666666666667,2007.0,False,1,"[{'start': 2005, 'end': 2014, 'intensity': 2.7}]"
ELECSYS FREE PSA,Other,9,110,12.222222222222221,0.17555555555555558,2007.0,False,1,"[{'start': 2007, 'end': 2016, 'intensity': 1.5}]"
MODEL SI-19NB (PHACOFLEX),Other,0,0,0.0,0.0,,False,0,[]
VITREON INTRAOCULAR FLUID (PERFLUOROPERHYDROPHENANTHRENE),Other,0,0,0.0,0.0,,False,0,[]
DEFLUX INJECTABLE GEL,Imaging,2,83,41.5,0.19690000000000002,2002.0,False,0,[]
TREO® Abdominal Stent-Graft System,Cardiovascular,2,7,3.5,0.0221,2024.0,False,0,[]
SILCON(R) (SILAFILCON A) CONTACT LENS DAILY WEAR,Imaging,0,0,0.0,0.0,,False,0,[]
COSMOS(TM) SYSTEM,Other,0,0,0.0,0.0,,False,0,[]
MODELS 5348 AND 5388 EXTERNAL PULSE GENERATORS,Other,0,0,0.0,0.0,,False,0,[]
COCHLEAR C1500 SERIES IMPLANTS,Orthopedic,0,0,0.0,0.0,,False,0,[]
S.A.V. BIOPROSTHESIS MODEL 2650 (AORTIC),Other,0,0,0.0,0.0,,False,0,[]
RF CONTACTR  ABLATION CATHETER,Imaging,0,0,0.0,0.0,,False,0,[]
FINELINE® II EZ Sterox,Other,0,0,0.0,0.0,,False,0,[]
GORE-TEX{TM} CRUCIATE LIGAMENT PROSTHESIS,Other,0,0,0.0,0.0,,False,0,[]
Enroute Transcarotid Stent System,Cardiovascular,38,309,8.131578947368421,0.3058929824561403,2019.0,False,1,"[{'start': 2015, 'end': 2023, 'intensity': 4.222222222222222}]"
VENTANA HER2 Dual ISH DNA Probe Cocktail,Other,3,16,5.333333333333333,0.035133333333333336,2023.0,True,0,[]
MEDTRONIC MODEL 4193 ATTAIN OTW LEAD,Other,0,0,0.0,0.0,,False,0,[]
FLUOREX (TM) 600 (FLURSILFOCON A),Other,0,0,0.0,0.0,,False,0,[]
Senographe Pristina 3D and SenoClaire,Other,0,0,0.0,0.0,,False,0,[]
PROLENE*POLYPROPYLENE SUTURE NONABSORBABLE SURG. S,Other,0,0,0.0,0.0,,False,0,[]
Monovisc,Other,16,343,21.4375,0.3033166666666667,2017.0,False,1,"[{'start': 2017, 'end': 2023, 'intensity': 2.2857142857142856}]"
IN.PACT Admiral DCB Paclitaxel-Coated Percutaneous Transluminal Angioplasty Balloon Catheter,Imaging,3,372,124.0,0.38726666666666665,2019.0,False,1,"[{'start': 2018, 'end': 2019, 'intensity': 1.5}]"
TAXUS LIBERTE PACLITAXEL-ELUTING CORONARY STENT SYSTEM,Cardiovascular,7,39,5.571428571428571,0.12165238095238096,2013.0,False,1,"[{'start': 2010, 'end': 2016, 'intensity': 1.4}]"
COHERA MEDICAL TISSUEGLU SURGICAL ADHESIVE,Other,0,0,0.0,0.0,,False,0,[]
Tendril STS,Other,6,36,6.0,0.11946666666666667,2023.0,True,1,"[{'start': 2018, 'end': 2023, 'intensity': 2.0}]"
ARCHITECT TOTAL PSA ASSAY,Imaging,3,142,47.333333333333336,0.24093333333333333,2006.0,True,0,[]
"ADVANTIO,INGENIO,VITALIO,FORMIO,ESSENTIO,ACCOLADE,PROPONENT PACEMAKERS",Other,0,0,0.0,0.0,,False,0,[]
TriClip G4 System,Other,4,11,2.75,0.09296666666666667,2024.0,False,1,"[{'start': 2021, 'end': 2025, 'intensity': 1.3333333333333333}]"
THE BOSTON EQUALENS (FLUROFOCON A) CONTACT LENS,Imaging,0,0,0.0,0.0,,False,0,[]
ENDOTAK RELIANCE 4-SITE LEADS AND ACCESSORIES,Other,0,0,0.0,0.0,,False,0,[]
PHYSIO-STIM(TM),Other,0,0,0.0,0.0,,False,0,[]
DEXCOM SEVEN PLUS SYSTEM,Other,11,414,37.63636363636363,0.3744121212121212,2012.0,False,1,"[{'start': 2011, 'end': 2017, 'intensity': 2.2}]"
GENESYS HTA SYSTEM,Other,2,0,0.0,0.006,2012.0,False,0,[]
STAR S4 ACTIVETRAK EXCIMER LASER SYSTEM AND WAVESCAN WAVEFRONT SYSTEM,Imaging,0,0,0.0,0.0,,False,0,[]
SPECTRANETICS LASER SHEATH (SLS) II AND GLIDELIGHT LASER SHEATH,Imaging,1,0,0.0,0.003,2017.0,True,0,[]
CARBOMEDICS Prosthetic Heart Valve; CARBOMEDICS Supra-Annular Prosthetic Heart Valve (Top Hat); ORBIS Prosthetic Heart V,Cardiovascular,0,0,0.0,0.0,,False,0,[]
VITEK(R) 2 GRAM POSITIVE AST FOR HIGH-LEVEL GENTAMICIN,Other,0,0,0.0,0.0,,False,0,[]
UROLOGIX TARGIS SYSTEM,Other,4,34,8.5,0.0562,2000.0,True,0,[]
VENTAK P 1600 AICD AND 2830 SOFTWARE MODULE,Other,0,0,0.0,0.0,,False,0,[]
QuickFlex u 1258T LV Lead,Other,0,0,0.0,0.0,,False,0,[]
Nucleus Hybrid L24 Cochlear Implant System,Orthopedic,2,134,67.0,0.2462,2017.0,False,0,[]
EXPRESS 2 MR CORONARY STENT SYSTEM & EXPRESS 2 OTW CORONARY STENT SYSTEM,Cardiovascular,0,0,0.0,0.0,,False,0,[]
NUCLEUS 22 CHANNEL COCHLEAR IMPLANT SYSTEM,Orthopedic,22,695,31.59090909090909,0.46753030303030296,1993.0,False,1,"[{'start': 1991, 'end': 2001, 'intensity': 2.2}]"
ACUVUE BRAND (ETAFILCON A) DAILY EXTENDED WEAR CONTACT LENS,Imaging,0,0,0.0,0.0,,False,0,[]
MAESTRO 3000 CARDIAC ABLATION SYSTEM,Cardiovascular,0,0,0.0,0.0,,False,0,[]
Vercise S8 Adapter,Other,0,0,0.0,0.0,,False,0,[]
SOFLENS,Other,0,0,0.0,0.0,,False,0,[]
"PULSE GENERATOR, PACEMAKER, IMPLANTABLE, WITH CARDIAC RESYNCHRONIZATION (CRT-P)",Cardiovascular,0,0,0.0,0.0,,False,0,[]
LCS(R) TruMatch Peronalized Solutions,Other,0,0,0.0,0.0,,False,0,[]
ZYPLAST(R) AND ZYDERM(R) COLLAGEN IMPLANT,Orthopedic,0,0,0.0,0.0,,False,0,[]
PATHWAY ANTI-HER-2/NEU (4B5)RABBIT MONOCLONAL PRIMARY ANTIBODY,Other,2,5,2.5,0.0175,2011.0,False,0,[]
TRIFECTA VALVE,Cardiovascular,102,1286,12.607843137254902,0.7170980392156863,2016.0,True,1,"[{'start': 2012, 'end': 2017, 'intensity': 17.0}]"
"Barostim NEO System, Barostim NEO2 System",Other,0,0,0.0,0.0,,False,0,[]
EDWARDS PERICARDIAL AORTIC BIOPROSTHESIS (MODEL 11000A) and EDWARDS INSPIRIS RESILIA AORTIC VALVE (MODEL 11500),Cardiovascular,0,0,0.0,0.0,,False,0,[]
USE OF RED PLASTIC PLUG WITH CONCEPT -1 SOLUTION,Other,0,0,0.0,0.0,,False,0,[]
WaveLight EX500 Laser System,Other,10,64,6.4,0.14146666666666666,2022.0,False,1,"[{'start': 2018, 'end': 2024, 'intensity': 1.4285714285714286}]"
BAUSCH & LOMB TECHNOLAS 217Z ZYOPTIX SYSTEM FOR PERSONALIZED VISION CORRECTION,Imaging,0,0,0.0,0.0,,False,0,[]
AFFINITY/INTEGRITY/VICTORY FAMILY OF PACEMAKERS,Imaging,1,0,0.0,0.003,2015.0,True,0,[]
NexGen LPS-Flex/LPS Mobile Bearing Knee System,Orthopedic,0,0,0.0,0.0,,False,0,[]
CAPSURE EPICARDIAL PACING LEAD,Other,2,3,1.5,0.0129,2008.0,False,0,[]
LENS PLUS STERILE SALINE SOLUTION (BUFFERED),Other,0,0,0.0,0.0,,False,0,[]
MICROSOFTRAC (R) PTCA CATHETER,Other,0,0,0.0,0.0,,False,0,[]
Propel Mini Sinus Implant,Orthopedic,1,0,0.0,0.003,2019.0,False,0,[]
CARDIOVERSION SWITCHBOX II SYSTEM,Other,0,0,0.0,0.0,,False,0,[]
ROTABLATOR ROTATIONAL ANGIOPLASTY SYSTEM GUIDE WIRES,Other,1,10,10.0,0.046000000000000006,2003.0,False,0,[]
PARADYM MODEL 8750 CRT-D WITH SMARTVIEW 2.16 UG2 PROGRAMMER SOFTWARE,Other,0,0,0.0,0.0,,False,0,[]
USCI GRUNTZIG DILACA CATHETER,Other,0,0,0.0,0.0,,False,0,[]
"MEDTRONIC GEM III AT WITH APP, DEVICE MODEL 7276 AND SOFTWARE MODEL 9974",Other,0,0,0.0,0.0,,False,0,[]
BD Totalys MultiProcessor,Other,0,0,0.0,0.0,,False,0,[]
"HELISTAT, HELITENE ABSORBABLE COLLAGEN HEMOSTATIC AGENTS",Other,0,0,0.0,0.0,,False,0,[]
Oxford Partial Knee System - Femoral and Tibial Tray Components,Orthopedic,0,0,0.0,0.0,,False,0,[]
VASCADE VASCULAR CLOSURE SYSTEM,Other,2,17,8.5,0.0451,2015.0,False,0,[]
WALLSTENT RP ENDOPROSTHESIS (ILIAC),Cardiovascular,0,0,0.0,0.0,,False,0,[]
"Sensar/Tecnis 1-Piece IOL, Tecnis Toric IOL, Tecnis Symfony Extended Range of Vision IOL, Tecnis Symfony Toric Extended",Other,0,0,0.0,0.0,,False,0,[]
EDWARDS PRIMA PLUS STENTLESS BIOPROSTHESIS,Cardiovascular,4,25,6.25,0.0445,2006.0,True,0,[]
"APPLICATION SOFTWARE, KAPPA 400 DR IPG AND KAPPA 400 SR IPG",Other,0,0,0.0,0.0,,False,0,[]
LIVEWIRE CARDIAC ABLATION SYSTEM,Cardiovascular,1,0,0.0,0.003,2021.0,True,0,[]
DIMENSION TPSA FLEX REAGENT CARTRIDGE,Other,0,0,0.0,0.0,,False,0,[]
MEDSTREAM PROGRAMMABLE INFUSION SYSTEM,Other,5,43,8.6,0.12896666666666667,2013.0,False,1,"[{'start': 2011, 'end': 2014, 'intensity': 1.25}]"
ColoSense®,Other,0,0,0.0,0.0,,False,0,[]
INDERMIL TISSUE ADHESIVE,Other,12,236,19.666666666666668,0.2521333333333333,2000.0,False,1,"[{'start': 2000, 'end': 2008, 'intensity': 1.7142857142857142}]"
MULTI-LINK VISION & MULTI-LINK MINI-VISION OTW & RX; ML-8,Other,0,0,0.0,0.0,,False,0,[]
Mentor® MemoryGel® Silicone Gel-Filled Breast Implants,Orthopedic,2,7,3.5,0.0221,2021.0,False,0,[]
COBRA PzF NanoCoated Coronary Stent System,Cardiovascular,3,14,4.666666666666667,0.03186666666666667,2016.0,True,0,[]
Elecsys total PSA,Other,9,66,7.333333333333333,0.14279999999999998,2014.0,True,1,"[{'start': 2013, 'end': 2023, 'intensity': 1.2857142857142858}]"
SENSOLOG / DIALOG/ REGENCY FAMILY OF PACEMAKERS,Other,0,0,0.0,0.0,,False,0,[]
ETI-MAK-2 PLUS ASSAY,Diagnostic,0,0,0.0,0.0,,False,0,[]
SUPRAMID EXTRA SUTURES,Other,1,29,29.0,0.12769999999999998,1991.0,False,0,[]
Axonics Sacral Neuromodulation System,Neuromodulation,16,93,5.8125,0.16581666666666667,2020.0,False,1,"[{'start': 2019, 'end': 2025, 'intensity': 3.2}]"
SOUNDTEC DIRECT SYSTEM,Imaging,11,207,18.818181818181817,0.23703939393939394,2001.0,False,1,"[{'start': 2001, 'end': 2005, 'intensity': 3.3333333333333335}]"
WEICON (TEFILCON) HYDROPHILIC CONTACT LENSES,Imaging,0,0,0.0,0.0,,False,0,[]
SOFTCON (VIFILCON A) SOFT CONTACT CORRECTIVE LENS,Imaging,0,0,0.0,0.0,,False,0,[]
UV-PMMA ALTERNATE VENDOR  /UV ABSORBING IOL,Other,0,0,0.0,0.0,,False,0,[]
BOSTON SCIENTIFIC EXPRESS SD RENAL MONORAIL PREMOUNTED STENT SYSTEM,Cardiovascular,0,0,0.0,0.0,,False,0,[]
Juvederm injectable Gel,Imaging,4,6,1.5,0.08646666666666666,2023.0,False,1,"[{'start': 2021, 'end': 2024, 'intensity': 1.3333333333333333}]"
"XIENCE PRIME EVEROLIMUS ELUTING CORONARY STENT SYSTEM, XIENCE V EVEROLIMUS ELUTING CORONARY STENT SYSTEM,",Cardiovascular,0,0,0.0,0.0,,False,0,[]
Zephyr Endobronchial Valve (EBV) System,Cardiovascular,4,3,0.75,0.0159,2023.0,True,0,[]
PERMATINT(R),Other,0,0,0.0,0.0,,False,0,[]
GELSYN-3,Other,1,116,116.0,0.2378,2021.0,False,0,[]
DIMENSION FPSA FLEX REAGENT CARTRIDGE,Other,0,0,0.0,0.0,,False,0,[]
GORE VIABAHN ENDOPROSTHESIS AND GORE VIABAHN ENDOPROSTHESIS WITH HEPARIN BIOACTIVE SURFACE,Imaging,3,443,147.66666666666666,0.3419,2013.0,True,0,[]
TAXUS EXPRESS2 PACLITAXEL-ELUTING CORONARY STENT SYSTEM,Cardiovascular,5,73,14.6,0.0953,2005.0,False,0,[]
SVS APEX PLUS EXCIMER LASER WORKSTATION,Other,0,0,0.0,0.0,,False,0,[]
INFORM HER-2 DUAL DNA PROBE COCKTAIL,Other,3,21,7.0,0.043300000000000005,2011.0,True,0,[]
Nevro Corp Senza Spinal Cord Stimulation (SCS) System,Neuromodulation,3,130,43.333333333333336,0.22133333333333333,2019.0,False,0,[]
LDR Spine Mobi-C Cervical Disc Prosthesis (One Level),Other,0,0,0.0,0.0,,False,0,[]
"Abbott RealTime IDH2 Amplification Reagent Kit, Abbott RealTime IDH2 Control Kit",Other,0,0,0.0,0.0,,False,0,[]
EXCIMER LASER MODEL DYMER (R) 200+,Other,0,0,0.0,0.0,,False,0,[]
VIRAPAP HUMAN PAPILLOMAVIRUS DNA DETECTION KIT,Imaging,3,69,23.0,0.1217,1990.0,False,0,[]
FLUENCY PLUS ENDOVASCULAR STENT GRAFT,Cardiovascular,10,15,1.5,0.10716666666666666,2016.0,False,1,"[{'start': 2011, 'end': 2017, 'intensity': 1.6}]"
Alinity i AFP,Other,2,3,1.5,0.0129,2022.0,False,0,[]
PARAPERM O2 (PASIFOCON A) CONTACT LENS,Imaging,0,0,0.0,0.0,,False,0,[]
polymacon Soft (Hydrophilic) Extended Wear Contact Lenses,Imaging,0,0,0.0,0.0,,False,0,[]
VICRYL (POLYGLACTIN 910),Imaging,0,0,0.0,0.0,,False,0,[]
"Aurora EV-ICD Application Software, Aurora EV-ICD",Other,0,0,0.0,0.0,,False,0,[]
ELECSYS ANTI-HCV ON COBAS E 411,Other,1,93,93.0,0.2309,2008.0,False,0,[]
THERAPY COOL PATH ABLATION CATHETER AND IBI-1500T9 RF ABLATION GENERATOR,Therapeutic,0,0,0.0,0.0,,False,0,[]
IC-8 Apthera Intraocular Lens (IOL),Other,4,4,1.0,0.08386666666666667,2024.0,False,1,"[{'start': 2023, 'end': 2025, 'intensity': 1.3333333333333333}]"
EBI SPF IMPLANTABLE SPINAL FUSION STIMULATOR,Orthopedic,0,0,0.0,0.0,,False,0,[]
FLEXTEND,Other,2,23,11.5,0.05890000000000001,2010.0,True,0,[]
COBAS HPV TEST,Diagnostic,145,4811,33.179310344827584,0.799383908045977,2016.0,True,1,"[{'start': 2008, 'end': 2016, 'intensity': 18.125}]"
THORATEC PVAD SYSTEM AND TLC-II PORTABLE VAD DRIVER,Other,0,0,0.0,0.0,,False,0,[]
SOFLENS(R) ENZYMATIC CONTACT LENS CLEANER,Imaging,0,0,0.0,0.0,,False,0,[]
STAAR SURGICAL IMPLANTABLE COLLAMER LENS (VISION ICL),Orthopedic,13,544,41.84615384615385,0.43625128205128205,2021.0,True,1,"[{'start': 2012, 'end': 2022, 'intensity': 1.625}]"
COATED VICRYL ABSORBABLE SURGICAL SUTURE (DYED/BRA,Other,0,0,0.0,0.0,,False,0,[]
ADIANA PERMANENT CONTRACEPTION SYSTEM,Other,10,76,7.6,0.14986666666666665,2011.0,False,1,"[{'start': 2009, 'end': 2012, 'intensity': 2.5}]"
THE BLAIREX SYSTEM,Other,0,0,0.0,0.0,,False,0,[]
RX ACCULINK CAROTID STENT SYSTEM,Cardiovascular,5,75,15.0,0.0975,2008.0,False,0,[]
VENTANA PD-LI (SP142) Assay,Diagnostic,5,30,6.0,0.11466666666666667,2018.0,False,1,"[{'start': 2018, 'end': 2021, 'intensity': 1.6666666666666667}]"
Cordis® EXOSEAL® Vascular Closure Device,Other,1,0,0.0,0.003,2025.0,False,0,[]
LifeStream Balloon Expandable Vascular Covered Stent,Cardiovascular,4,4,1.0,0.0172,2019.0,False,0,[]
BIOELECTRON SPINALPAK II SPINE FUSION STIMULATOR,Imaging,0,0,0.0,0.0,,False,0,[]
IN.PACT AV Paclitaxel-Coated Percutaneous Transluminal Angioplasty (PTA) Balloon Catheter,Imaging,0,0,0.0,0.0,,False,0,[]
ARRAY MULTIFOCAL UV-ABSORBING SILICONE POSTERIOR CHAMBER INTRALOCULAR,Other,0,0,0.0,0.0,,False,0,[]
"PASCAL Precision Transcatheter Valve Repair System (Guide Sheath), PASCAL Precision Transcatheter Valve Repair System (I",Cardiovascular,0,0,0.0,0.0,,False,0,[]
STYLES 30 & 31 POSTERIOR CHAMBER IOLS,Other,0,0,0.0,0.0,,False,0,[]
iSert® Pre-loaded System; IPURE Pre-loaded System; PreVue Pre-loaded System,Other,0,0,0.0,0.0,,False,0,[]
PLIAGEL CLEANING SOLUTION FOR HYDROPHILIC(SOFT) CO,Other,0,0,0.0,0.0,,False,0,[]
PARASTEP-I,Other,0,0,0.0,0.0,,False,0,[]
RIANEN 3H,Other,0,0,0.0,0.0,,False,0,[]
ANEURX AAADVANTAGE STENT GRAFT,Cardiovascular,0,0,0.0,0.0,,False,0,[]
PASSIVE FIXATION SJ4 LEADS,Other,0,0,0.0,0.0,,False,0,[]
PRO OSTEON IMPLANT 500 CORALLINE HYDROXYPATITE BONE VOID FILLER (FORMERLY INTERPORE 500),Orthopedic,0,0,0.0,0.0,,False,0,[]
MAESTRO 3000 CARDIAC ABLATION SYSTEM & CATHETERS,Cardiovascular,0,0,0.0,0.0,,False,0,[]
TORONTO SPV VALVE,Cardiovascular,34,536,15.764705882352942,0.39252549019607846,1998.0,True,1,"[{'start': 1994, 'end': 2003, 'intensity': 3.4}]"
MODELS PC10 & PC21,Other,0,0,0.0,0.0,,False,0,[]
FLUOROPERM RGP CONTACT LENSES,Imaging,2,44,22.0,0.1072,1992.0,True,0,[]
Elecsys Anti-HBc II,Other,4,9,2.25,0.0237,2021.0,False,0,[]
Karl Storz D-Light C PDD System,Other,0,0,0.0,0.0,,False,0,[]
Elecsys HBsAg Immunoassay,Diagnostic,10,22,2.2,0.11206666666666668,2014.0,False,1,"[{'start': 2014, 'end': 2021, 'intensity': 2.0}]"
FREEZOR CARDIAC CRYOABLATION CATHETERS/FREEZOR XTRA & FREEZOR MAX SURGICAL CRYOABLATION DEVICES & CRYOCONSOLE SYSTEM,Cardiovascular,0,0,0.0,0.0,,False,0,[]
CUSTOMEYES(TM) 45L&55L (BUFILCON A),Other,0,0,0.0,0.0,,False,0,[]
CORDIS SEQUICOR THETA MODELS 233D & 233E,Other,0,0,0.0,0.0,,False,0,[]
Avitene Microfibrillar Collagen Hemostat,Other,1,16,16.0,0.0718,2021.0,False,0,[]
"Edwards SAPIEN 3, SAPIEN 3 Ultra, and SAPIEN 3 Ultra RESILIA Transcatheter Heart Valve Systems",Cardiovascular,0,0,0.0,0.0,,False,0,[]
CABCURVE CONTACT LENS (POROFOCON B),Imaging,0,0,0.0,0.0,,False,0,[]
MAMMOGRAPHY CAD ENGINE,Other,0,0,0.0,0.0,,False,0,[]
"MEDTRONIC COREVALUE TM SYSTEM,",Other,0,0,0.0,0.0,,False,0,[]
SURGICEL*/SURGICEL NU-KNIT* ABSORBABLE HEMOSTAT,Other,0,0,0.0,0.0,,False,0,[]
NIR PRIMO PREMOUNTED STENT SYSTEM,Cardiovascular,0,0,0.0,0.0,,False,0,[]
ELESYS ANTI-HBC IGM,Other,0,0,0.0,0.0,,False,0,[]
GEN-PROBE(R) AMPLIFIED MYCOBACTERIUM TUBERCULOSIS DIRECT TEST (MTD TEST),Imaging,1,2,2.0,0.0116,1998.0,False,0,[]
ACRYSOF IQ RESTORE +3.0D ADD POWER INTRAOCULAR LENS,Other,0,0,0.0,0.0,,False,0,[]
WAVELIGHT ALLEGRETTO WAVE EXCIMER LASER SYSTEM,Other,3,111,37.0,0.1903,2006.0,True,0,[]
MIC TEST PANELS,Diagnostic,0,0,0.0,0.0,,False,0,[]
BIO-RAD MONOLISA ANTI-HBC EIA,Other,0,0,0.0,0.0,,False,0,[]
BYREL PROGRAMABLE PACEMAKER,Other,0,0,0.0,0.0,,False,0,[]
ClearVisc Ophthalmic Viscosurgical Device (OVD),Other,1,6,6.0,0.0288,2022.0,False,0,[]
OPTACRYL 60 - CLEAR,Other,0,0,0.0,0.0,,False,0,[]
DURASEAL EXACT SPINE SEALANT SYSTEM,Imaging,1,27,27.0,0.11910000000000001,2018.0,True,0,[]
LIFESPAN(TM) 100 TCPCO2 MONITOR,Other,0,0,0.0,0.0,,False,0,[]
GALILEO AND GALILEO III INTRAVASCULAR RADIOTHERAPY SYSTEMS,Therapeutic,1,13,13.0,0.05890000000000001,2006.0,True,0,[]
AGENASORB,Other,0,0,0.0,0.0,,False,0,[]
Natrelle Saline Filled Breast Implants,Orthopedic,3,23,7.666666666666667,0.11323333333333334,2021.0,False,1,"[{'start': 2018, 'end': 2021, 'intensity': 1.5}]"
Carotid Wallstent Monorail Endoprosthesis,Cardiovascular,0,0,0.0,0.0,,False,0,[]
UVAR PHOTOPHERESIS SYSTEM,Other,0,0,0.0,0.0,,False,0,[]
TCO2M MODEL 818 MONITOR,Other,0,0,0.0,0.0,,False,0,[]
HANCOCK II PORCINE BIOPROSTHESIS MODELS T505/T510,Other,0,0,0.0,0.0,,False,0,[]
SEPRAFILM(R) BIORESORBABLE MEMBRAND,Other,0,0,0.0,0.0,,False,0,[]
"INFUSAID IMPLANTABLE INFUSION PUMP MODEL-100,200,4",Orthopedic,0,0,0.0,0.0,,False,0,[]
Stockert 70 RF Generator Foot Pedal,Other,0,0,0.0,0.0,,False,0,[]
"PyloPlus Urea Breath Test Pro Analyzer, PyloPlus Urea Breath Test Lab Analyzer",Diagnostic,0,0,0.0,0.0,,False,0,[]
CMW BONE CEMENT,Other,5,228,45.6,0.26580000000000004,1990.0,True,0,[]
MODEL 3100 FREQUENCY OSCILLATORY VENTILATOR,Other,0,0,0.0,0.0,,False,0,[]
PROSTAR XL 8 & 10F PVS SYSTEM,Other,0,0,0.0,0.0,,False,0,[]
HEALON D,Other,6,46,7.666666666666667,0.12913333333333332,2009.0,True,1,"[{'start': 2005, 'end': 2011, 'intensity': 1.25}]"
COMPLETE SE VASCULAR STENT SYSTEM,Cardiovascular,11,1526,138.72727272727272,0.5996666666666666,2010.0,True,1,"[{'start': 2007, 'end': 2017, 'intensity': 1.375}]"
SAUFLOW(R) PW (LIDOFILCON B) CONTACT LENS,Imaging,0,0,0.0,0.0,,False,0,[]
"COLLACOTE(R),COLLATAPE(R),COLLAPLUG(R), DRESSINGS",Other,0,0,0.0,0.0,,False,0,[]
"CARPENTIER-EDWARDS PORCINE AORTIC BIOPROSTHESIS, CARPENTIER-EDWARDS PORCINE MITRAL BIOPROSTHESIS",Other,0,0,0.0,0.0,,False,0,[]
"FETAL ACOUSTIC STIMULATOR, MODEL 0146AAY",Other,0,0,0.0,0.0,,False,0,[]
"HexaGen RF Generator, HexaPulse PF Generator, HexaFlow Irrigation Pump",Diabetes Management,0,0,0.0,0.0,,False,0,[]
Superion® Interspinous Spacer,Other,10,151,15.1,0.2023666666666667,2019.0,True,1,"[{'start': 2011, 'end': 2021, 'intensity': 1.6666666666666667}]"
ARCTIC FRONT AND ARCTIC FRONT ADVANCE CARDIAC CRYOABLATION CATHETERS,Cardiovascular,4,0,0.0,0.012,2013.0,False,0,[]
"Healon PRO, Healon GV PRO, Healon 5 PRO Sodium Hyaluronate Ophthalmic Viscoelastic Devices (OVD)",Other,0,0,0.0,0.0,,False,0,[]
Praxis Extended RAS Panel,Other,3,92,30.666666666666668,0.1592666666666667,2018.0,False,0,[]
PMS-600 PROGRAMMER,Other,0,0,0.0,0.0,,False,0,[]
PROGRAMMERS TO SUPPORT VARIOUS PACEMAKERS AND DEFIBRILLATORS,Other,1,17,17.0,0.0761,2004.0,False,0,[]
CARDIOGENESIS HOLMIUM TMR SYSTEM,Other,1,9,9.0,0.0417,2009.0,False,0,[]
GENESIS AND EON FAMILY SPINAL CORD STIMULATION (SCS) SYSTEM,Neuromodulation,0,0,0.0,0.0,,False,0,[]
HEMOBLAST Bellows,Other,10,43,4.3,0.12676666666666667,2021.0,False,1,"[{'start': 2019, 'end': 2023, 'intensity': 2.5}]"
"TactiCath Contact Force Ablation Catheter, Sensor Enabled",Diabetes Management,0,0,0.0,0.0,,False,0,[]
NUCLEUS 24 AUDITORY BRAINSTEM IMPLANT SYSTEM,Neuromodulation,2,25,12.5,0.0635,2002.0,True,0,[]
Algovita Spinal Cord Stimulation System,Neuromodulation,0,0,0.0,0.0,,False,0,[]
REFLECTION CERAMIC ACETABULAR SYSTEM,Imaging,0,0,0.0,0.0,,False,0,[]
QUICKSEAL CCS ARTERIAL CLOSURE SYSTEM,Other,0,0,0.0,0.0,,False,0,[]
ETI-AB-COREK PLUS KIT,Other,0,0,0.0,0.0,,False,0,[]
Axonics Sacral Neuromodulation System,Neuromodulation,16,93,5.8125,0.16581666666666667,2020.0,False,1,"[{'start': 2019, 'end': 2025, 'intensity': 3.2}]"
"Radiesse® Injectable Implant, RADIESSE® Hands, RADIESSE® (+) Lidocaine, RADIESSE® (+) Lidocaine Jawline",Orthopedic,0,0,0.0,0.0,,False,0,[]
"EQUATE ASPHERE (OCUFILCON D) SOFT (HYDROPHILIC) CONTACT LENSES, EQUATE TORIC (OCUFILCON D) SOFT (HYDROPHILIC) CONTACT LE",Imaging,0,0,0.0,0.0,,False,0,[]
STAAR SURGICAL UV-ABSORBING COLLAMER FOLDABLE INTRAOCULAR LENSES,Other,0,0,0.0,0.0,,False,0,[]
"NONABSORBABLE SURG. SUTURES, NYLON",Other,0,0,0.0,0.0,,False,0,[]
ENDEAVOR & ENDEAVOR SPRINT ZOTAROLIMUS-ELUTING STENT SYSTEM,Cardiovascular,0,0,0.0,0.0,,False,0,[]
MERLIN PTCA CATHETER OTW AND NC PTCA CATHETER OTW,Other,0,0,0.0,0.0,,False,0,[]
BIOFINITY XR,Other,0,0,0.0,0.0,,False,0,[]
Wallstent Venous Endoprosthesis with Unistep Plus Delivery System,Cardiovascular,0,0,0.0,0.0,,False,0,[]
OVATION AND OVATION PRIME ABDOMINAL STENT GRAFT SYSTEMS,Cardiovascular,4,16,4.0,0.09946666666666666,2017.0,True,1,"[{'start': 2016, 'end': 2019, 'intensity': 1.3333333333333333}]"
"FlexAbility Ablation Catheter and FlexAbility Ablation Catheter, Sensor Enabled",Diabetes Management,0,0,0.0,0.0,,False,0,[]
STARCLOSE AND STARCLOSE SE VASCULAR CLOSURE SYSTEMS,Other,1,6,6.0,0.0288,2012.0,True,0,[]
SURGIFOAM ABSORBABLE GELATIN HEMORRHOIDECTOMY SPONGE,Imaging,0,0,0.0,0.0,,False,0,[]
SYNCARDIA CAMPANION 2 DRIVER SYSTEM,Other,0,0,0.0,0.0,,False,0,[]
SALT TABLETS,Other,0,0,0.0,0.0,,False,0,[]
CRCDx RAS Mutation Detection Assay Kit,Imaging,0,0,0.0,0.0,,False,0,[]
MARLIN SQUEEZE BOTTLE & MARLIN SALT TABLETS,Other,0,0,0.0,0.0,,False,0,[]
DIAGNOSTIC DUETT AND DUETT PRO SEALING DEVICES AND D-STAT FLOWABLE HEMOSTAT,Diagnostic,0,0,0.0,0.0,,False,0,[]
GE SIGNA MAGNETIC RESONANCE DIAGNOSTIC IMAGING SYS,Imaging,0,0,0.0,0.0,,False,0,[]
"Assurity MRI and Endurity MRI family of Pacemakers,",Imaging,0,0,0.0,0.0,,False,0,[]
Prometra Programmable Infusion Pump System,Diabetes Management,0,0,0.0,0.0,,False,0,[]
BRIO FAMILY DEEP BRAIN STIMULATION (DBS) SYSTEMS,Neuromodulation,0,0,0.0,0.0,,False,0,[]
DIASONICS NMR IMAGING SYSTEM,Imaging,0,0,0.0,0.0,,False,0,[]
NATRELLE Silicone-Filled Breast Implants,Orthopedic,5,14,2.8,0.09706666666666666,2021.0,False,1,"[{'start': 2019, 'end': 2022, 'intensity': 1.6666666666666667}]"
RESTYLANE Injectable Gels,Imaging,18,196,10.88888888888889,0.22302222222222223,2023.0,True,1,"[{'start': 2014, 'end': 2024, 'intensity': 2.0}]"
AUTIMA AURORA CARDIAC PACING SYSTEM,Cardiovascular,0,0,0.0,0.0,,False,0,[]
CEA-ROCHE TEST KIT,Diagnostic,0,0,0.0,0.0,,False,0,[]
TRIDYNE VASCULAR SEALANT; TRIDYNE VS Standard Spray Tips; TRIDYNE VS 6 Extended Spray Tip,Other,0,0,0.0,0.0,,False,0,[]
SPHERICAL AND TORIC DAILY WEAR SOFT CONTACT LENSES,Imaging,0,0,0.0,0.0,,False,0,[]
HANCOCK MODIFIED ORIFICE BIOPROSTHESIS,Other,1,15,15.0,0.0675,1991.0,False,0,[]
DEPUY 1 AND ENDURANCE BONE CEMENTS,Other,0,0,0.0,0.0,,False,0,[]
VENTAK(R) AUTOMATIC IMPLANTABLE CARDIOVERTER DEFIB,Orthopedic,0,0,0.0,0.0,,False,0,[]
HEARTMATE XVE LVAS,Cardiovascular,4,16,4.0,0.032799999999999996,2006.0,False,0,[]
"ALIZEA and CELEA pacemakers, Remote monitoring software (RMS)",Other,0,0,0.0,0.0,,False,0,[]
Mara Water Vapor Ablation System,Other,1,1,1.0,0.0073,2022.0,False,0,[]
ACUITY STEERABLE LEAD FAMILY,Other,1,1,1.0,0.0073,2015.0,True,0,[]
IntellaNav Ol,Other,0,0,0.0,0.0,,False,0,[]
GYNECARE THERMACHOICE III UTERINE BALLOON THERAPY SYSTEM,Therapeutic,1,1,1.0,0.0073,2011.0,False,0,[]
LENSOAK,Other,0,0,0.0,0.0,,False,0,[]
ELECSYS ANTI-HCV IMMUNOASSAY ON MODULAR ANALYTICS E170,Diagnostic,1,9,9.0,0.0417,2008.0,False,0,[]
DURASOFT R3 (PHEMFILCON A) LENSES/SHELF LIFE,Other,0,0,0.0,0.0,,False,0,[]
Aveir DR Leadless System,Other,11,234,21.272727272727273,0.25495757575757577,2025.0,False,1,"[{'start': 2023, 'end': 2025, 'intensity': 3.6666666666666665}]"
ATTAIN STARFIX,Other,6,76,12.666666666666666,0.09146666666666667,2010.0,False,0,[]
DIASORIN ETI-EBK PLUS ASSAY,Diagnostic,0,0,0.0,0.0,,False,0,[]
CYPHER SIROLIMUS-ELUTING CORONARY STENT ON RAPTOR OTW DELIVERY SYSTEM/RAPTORRAIL RAPID EXCHANGE DELIVERY SYSTEM,Cardiovascular,0,0,0.0,0.0,,False,0,[]
PROTEGE RX CAROTID STENT SYSTEM,Cardiovascular,0,0,0.0,0.0,,False,0,[]
Elecsys HBsAg II/Elecsys HBsAg Confirmatory Test/ PreciControl HBsAg II,Diagnostic,0,0,0.0,0.0,,False,0,[]
COMPLEXED PSA MICROTITER ELISA,Other,1,186,186.0,0.25880000000000003,2001.0,False,0,[]
INTEGRA (ARTIFICIAL SKIN),Other,30,1578,52.6,0.6566666666666667,2001.0,True,1,"[{'start': 1997, 'end': 2002, 'intensity': 5.0}]"
PURE-DENT (R),Other,0,0,0.0,0.0,,False,0,[]
DIGENE HYBRID CAPTURE 2 (HC2) HPV DNA TEST & DIGENE HYBRID CAPTURE CAPTURE 2 (HC2) HIGH HPV DNA TEST,Diagnostic,19,1208,63.578947368421055,0.6236666666666666,2006.0,False,1,"[{'start': 2006, 'end': 2014, 'intensity': 2.375}]"
MEDTRONIC SELECTSECURE LEAD MODEL 3830,Imaging,8,55,6.875,0.13466666666666666,2012.0,False,1,"[{'start': 2007, 'end': 2013, 'intensity': 1.1666666666666667}]"
Minerva Endometrial Ablation System,Other,1,1,1.0,0.0073,2022.0,False,0,[]
SONIC ACCELERATED FRACTURE HEALING SYSTEM MODEL 2A,Imaging,0,0,0.0,0.0,,False,0,[]
GEM 21S GROWTH FACTOR ENHANCED MATRIX,Imaging,0,0,0.0,0.0,,False,0,[]
STYLE UV40 POSTERIOR CHAMBER LENS,Other,0,0,0.0,0.0,,False,0,[]
WEARABLE CARDIOVERTER DEFIBRILLATOR (WCD) 4000 LIFEVEST,Other,2,0,0.0,0.006,2016.0,False,0,[]
ACCESS AFP ASSAY ON THE ACCESS 2 IMMUNOASSAY SYSTEMS,Diagnostic,1,89,89.0,0.22970000000000002,2004.0,False,0,[]
"AED Plus, AED 3, X Series, R Series, Propaq MD, AED Pro, AED 3 BLS",Other,0,0,0.0,0.0,,False,0,[]
"ARTEFILL, BELLAFILL PMMA COLLAGEN PERMANENT DERMAL FILLER",Other,0,0,0.0,0.0,,False,0,[]
Sientra OPUS Silicone Gel Breast Implants,Orthopedic,0,0,0.0,0.0,,False,0,[]
Alinity i HBsAg Qualitative II,Other,2,16,8.0,0.042800000000000005,2019.0,False,0,[]
TRIMEDYNE'S LASERPROBE-PLR{TM} CATHETER & OPTILASE,Other,0,0,0.0,0.0,,False,0,[]
VENTANA PD-Ll (SP263) Assay,Diagnostic,0,0,0.0,0.0,,False,0,[]
CIBA VISION AIR OPTIX AQUA (LOTRAFILCON B) SOFT CONTACT LENSES,Imaging,0,0,0.0,0.0,,False,0,[]
PLAIN GUT STERILE ABSORBABLE SUTURES,Other,0,0,0.0,0.0,,False,0,[]
SUPARTZ,Other,9,400,44.44444444444444,0.39144444444444443,2004.0,False,1,"[{'start': 2004, 'end': 2010, 'intensity': 1.8}]"
"NEWVUES, NEWVUES SOFTCOLORS, FOCUS, FOCUS VISITINT, AND FOCUS SOFTCOLORS (VIFILCON A) SOFT (HYDROPHILIC) CONTACT LENSES",Imaging,0,0,0.0,0.0,,False,0,[]
NITECH(TM) CORONARY BALLOON DILITATION CATHETER,Cardiovascular,0,0,0.0,0.0,,False,0,[]
CLERZ LUBRICATING & REWETTING EYE DROPS,Other,0,0,0.0,0.0,,False,0,[]
FLOSEAL HEMOSTATIC MATRIX,Other,30,958,31.933333333333334,0.5718,2009.0,True,1,"[{'start': 2000, 'end': 2010, 'intensity': 3.0}]"
QIAGEN THERASCREEN KRAS RGQ PCR KIT,Other,6,80,13.333333333333334,0.16199999999999998,2016.0,False,1,"[{'start': 2014, 'end': 2017, 'intensity': 1.25}]"
"Impella 2.5, Impella CP, Impella CP with SmartAssist, Impella 5.5 with SmartAssist, Impella 5.0, and Impella LD Systems",Ventricular Assist Device,0,0,0.0,0.0,,False,0,[]
Lava Liquid Embolic System (Lava LES) and Lava Mixing Kit,Other,0,0,0.0,0.0,,False,0,[]
HYDRASOFT (METHAFILCON A) CONTACT LENS,Imaging,0,0,0.0,0.0,,False,0,[]
ETHILON/NUROLON NYLON SUTURES,Other,0,0,0.0,0.0,,False,0,[]
ACCESS HYBRITECH PSA REAGENTS ON THE ACCESS IMMUNOASSAY SYSTEMS,Diagnostic,0,0,0.0,0.0,,False,0,[]
ELECSYS ANTI-HCV ON COBAS E 601,Other,0,0,0.0,0.0,,False,0,[]
BJORK-SHILEY CARDIAC VALVE,Cardiovascular,0,0,0.0,0.0,,False,0,[]
DARDIK BIOGRAFT(R) MOD. HUMAN UMBILICAL VEIN GRAFT,Other,0,0,0.0,0.0,,False,0,[]
Apollo Onyx Delivery Micro Catheter,Other,0,0,0.0,0.0,,False,0,[]
ACTIFOAM ABSORBABLE COLLAGEN HEMOSTATIC SPONGE,Imaging,0,0,0.0,0.0,,False,0,[]
SGP LENS(TM),Other,0,0,0.0,0.0,,False,0,[]
DERMAGRAFT HUMAN FIBROBLAST-DERIVED DERMAL REPLACEMENT,Other,3,26,8.666666666666666,0.11813333333333333,2005.0,False,1,"[{'start': 2004, 'end': 2005, 'intensity': 1.5}]"
NAVISTAR 4 MM BI-DIRECTIONAL DIAGNOSTIC/ABLATION CATHETERS,Imaging,0,0,0.0,0.0,,False,0,[]
MURINE  LUBRICATING & REWETTING DROPS(CLEAR EYES ),Other,0,0,0.0,0.0,,False,0,[]
ZILVER VASCULAR STENT,Cardiovascular,28,293,10.464285714285714,0.2804238095238095,2019.0,True,1,"[{'start': 2010, 'end': 2020, 'intensity': 3.111111111111111}]"
ANGIOJET RHEOLYTIC THROMBECTOMY SYSTEM,Imaging,19,346,18.210526315789473,0.3003087719298245,2007.0,True,1,"[{'start': 2007, 'end': 2014, 'intensity': 2.375}]"
BIRMINGHAM HIP RESURFACING (BHR) SYSTEM,Orthopedic,7,325,46.42857142857143,0.37088095238095237,2004.0,True,1,"[{'start': 2004, 'end': 2013, 'intensity': 1.4}]"
CATGUT SUTURE,Other,0,0,0.0,0.0,,False,0,[]
ALBERTA LENS S (SULFOCON A) RGP CONTACT LENS,Imaging,0,0,0.0,0.0,,False,0,[]
FoundationOne Liquid CDx (F1LCDx),Other,22,50,2.272727272727273,0.15675757575757576,2024.0,False,1,"[{'start': 2021, 'end': 2025, 'intensity': 4.4}]"
GORE VIABAHN ENDOPROSTHESIS AND GORE BIABAHN ENDOPROSTHESIS WITH HEPARIN BIOACTIVE SURFACE,Imaging,0,0,0.0,0.0,,False,0,[]
ORTHOVISC HIGH MOLECULAR WEIGHT HYALURONAN,Other,3,15,5.0,0.10016666666666667,2010.0,True,1,"[{'start': 2008, 'end': 2010, 'intensity': 1.5}]"
"OL1000, OL1000 SC, SPINALOGIC",Other,0,0,0.0,0.0,,False,0,[]
ADVIA CENTAUR HBSAG (HBS) ASSAY,Diagnostic,2,3,1.5,0.0129,2010.0,True,0,[]
VITAGEL SURGICAL HEMOSTAT,Other,1,0,0.0,0.003,2011.0,True,0,[]
MOSAIC PORCINE BIOPROSTHESIS,Other,27,253,9.37037037037037,0.26104814814814814,2008.0,False,1,"[{'start': 2008, 'end': 2018, 'intensity': 2.7}]"
SIEMENS MAMMOMAT INSPIRATION FULL - FIELD DIGITAL MAMMOGRAPHY SYSTEM,Other,4,33,8.25,0.054900000000000004,2010.0,True,0,[]
TherOx Downstream System,Other,0,0,0.0,0.0,,False,0,[]
ADVIA CENTAUR SOFTWARE V4.0 SP1 ANTI-HBCT,Imaging,0,0,0.0,0.0,,False,0,[]
Invenia ABUS 2.0 Automated Breast Ultrasound System,Imaging,0,0,0.0,0.0,,False,0,[]
IMMULITE/IMMULITE 1000 AFP and IMMULITE 2000 AFP,Other,2,1,0.5,0.0083,2021.0,True,0,[]
Lutonix 018 Drug Coated Balloon PTA Catheters,Other,0,0,0.0,0.0,,False,0,[]
NUCLEAR MAGNETIC RESONANCE SCANNER MODELS NMR 1000,Imaging,0,0,0.0,0.0,,False,0,[]
ARTEGRAFT{TM} AND REINFORCED ARTEGRAFT{TM},Other,0,0,0.0,0.0,,False,0,[]
DUROLANE,Other,17,319,18.764705882352942,0.28842549019607844,2017.0,False,1,"[{'start': 2017, 'end': 2023, 'intensity': 2.4285714285714284}]"
BAUSCH & LOMB STERILE PRESERVED SALINE SOLN,Other,0,0,0.0,0.0,,False,0,[]
ENDOCARDIAL PACEMAKER LEAD W/CARBON TIP,Other,0,0,0.0,0.0,,False,0,[]
Orsiro Mission Sirolimus Eluting Coronary Stent System,Cardiovascular,0,0,0.0,0.0,,False,0,[]
COOPER(TM) 38 (POLYMACON) HYDROPHILIC CONTACT LENS,Imaging,0,0,0.0,0.0,,False,0,[]
"STARR-EDWARDS SILASTIC BALL HEART VALVE, MODELS 1260 AND 6120",Cardiovascular,0,0,0.0,0.0,,False,0,[]
Proclaim DRG IPG,Other,0,0,0.0,0.0,,False,0,[]
MULTI-STRATEGY COCHLEAR IMPLANT-PLATINUM BTE SOUND PROCESSOR (ADULT),Orthopedic,0,0,0.0,0.0,,False,0,[]
SCULPTRA AND SCULPTRA AESTHETIC,Other,6,163,27.166666666666668,0.24223333333333336,2005.0,True,1,"[{'start': 2005, 'end': 2009, 'intensity': 1.5}]"
MODELS B-13F (P-10) & B-1H (P-11),Other,0,0,0.0,0.0,,False,0,[]
ONCOR B/T GENE REARRANGEMENT TEST,Diagnostic,0,0,0.0,0.0,,False,0,[]
OSTEO CERAMIC HIP,Orthopedic,0,0,0.0,0.0,,False,0,[]
OSTEOSTIM(TM) IMPLANTABLE BONE GROWTH STIMULATOR,Orthopedic,0,0,0.0,0.0,,False,0,[]
ADEPT Adhesion Reduction Solution,Imaging,1,13,13.0,0.05890000000000001,2018.0,False,0,[]
CONTIGEN BARD COLLAGEN IMPLANT,Orthopedic,2,0,0.0,0.006,2010.0,True,0,[]
ABBOTT AXSYM AUSAB,Other,2,68,34.0,0.16240000000000002,2009.0,False,0,[]
ULTRA CARE (TM) NEUTRALIZING TABLET,Other,0,0,0.0,0.0,,False,0,[]
FLEX-CARE II,Other,9,530,58.888888888888886,0.45266666666666666,1994.0,True,1,"[{'start': 1990, 'end': 1995, 'intensity': 1.8}]"
COOK CHORIONIC VILLUS SAMPLING (CVS) SET,Other,1,41,41.0,0.17930000000000001,1999.0,False,0,[]
SCIMED RADIUS CORONARY STENT WITH DELIVERY SYSTEM,Cardiovascular,0,0,0.0,0.0,,False,0,[]
WEICON (R) (TEFILICON) HYDROPHILIC CONTACT LENS,Imaging,0,0,0.0,0.0,,False,0,[]
"SM-1, CR-1, & GR-1 IOLS",Other,0,0,0.0,0.0,,False,0,[]
BREATHTEK UBT FOR H. PYLORI KIT AND PEDIATRIC UREA HYDROLYSIS RATE CALCULATION APPLICATION (PUHR-CA),Other,0,0,0.0,0.0,,False,0,[]
NATRELLE 410 Highly Cohesive Anatomically Shaped Silicone-Filled Breast Implants,Orthopedic,1,3,3.0,0.0159,2022.0,True,0,[]
iStent inject W Trabecular Micro-Bypass System,Cardiovascular,2,32,16.0,0.0796,2022.0,False,0,[]
AVITENE(R) NON-WOVEN WEB,Other,0,0,0.0,0.0,,False,0,[]
"Motiva SmoothSilk Round Ergonomix Silicone Gel-Filled Breast Implants, Motiva SmoothSilk Round Silicone Gel-Filled Breas",Orthopedic,0,0,0.0,0.0,,False,0,[]
MENTOR MEMORYSHAPE BREAST IMPLANTS,Orthopedic,4,59,14.75,0.0887,2014.0,False,0,[]
HYDROCURVE,Other,2,26,13.0,0.0658,1990.0,True,0,[]
TANDEM(R)-R CARCINOEMBRYONIC ANTIGEN ASSAY,Diagnostic,1,16,16.0,0.0718,1991.0,True,0,[]
SURGICAL SIMPLEX P BONE CEMENT,Other,17,409,24.058823529411764,0.3366019607843137,1997.0,False,1,"[{'start': 1996, 'end': 2001, 'intensity': 2.5}]"
IVT CORONARY ATHERECTOMY SYSTEM (TEC)(R),Cardiovascular,0,0,0.0,0.0,,False,0,[]
LEGEND PLUS IPG,Other,0,0,0.0,0.0,,False,0,[]
ACCESS HYBRITECH FREE PSA REAGENTS ON THE ACCESS IMMUNOASSAY SYSTEMS,Diagnostic,0,0,0.0,0.0,,False,0,[]
Microny family of Pacemakers,Other,0,0,0.0,0.0,,False,0,[]
ZIRCONIA SILICATE BEAD IOL TUMBLE POLISHING,Other,0,0,0.0,0.0,,False,0,[]
THINPREP IMAGING SYSTEM LABELING,Imaging,1,0,0.0,0.003,2013.0,True,0,[]
UROVYSION BLADDER CANCER KIT,Other,12,120,10.0,0.17866666666666667,2010.0,False,1,"[{'start': 2010, 'end': 2017, 'intensity': 1.6666666666666667}]"
TANDEM(R)-E AFP,Other,0,0,0.0,0.0,,False,0,[]
NEODYMIUM: YAG OPHTHALMIC LASER SYSTEM 9900,Other,0,0,0.0,0.0,,False,0,[]
(POLYMACON) CONTACT LENSES,Imaging,0,0,0.0,0.0,,False,0,[]
SOFTMATE SOL.,Other,0,0,0.0,0.0,,False,0,[]
AKREOS POSTERIOR CHAMBERS INTRAOCULAR LENS,Other,0,0,0.0,0.0,,False,0,[]
NOVOSTE BETA-CATH 3.5 SYSTEM,Other,3,9,3.0,0.0237,2001.0,False,0,[]
SCORPION  & SCORPION  M ABLATION CATHETERS,Other,1,2,2.0,0.0116,2003.0,False,0,[]
S660 2.75 WITH DISCRETE TECHNOLOGY OTW CORONARY STENT SYSTEM,Cardiovascular,0,0,0.0,0.0,,False,0,[]
MiniMed 630G Pump,Diabetes Management,3,12,4.0,0.09526666666666667,2023.0,True,1,"[{'start': 2022, 'end': 2023, 'intensity': 1.5}]"
THE TALENT OCCLUDER WITH OCCLUDER DELIVERY SYSTEM,Other,0,0,0.0,0.0,,False,0,[]
PERMALENS EXTENDED WEAR CONTACT LENS,Imaging,0,0,0.0,0.0,,False,0,[]
EXCELENS (ATLAFILCON A) CONTACT LENS,Imaging,0,0,0.0,0.0,,False,0,[]
"ABSORBABLE SURGICAL SUTURE, USP",Other,0,0,0.0,0.0,,False,0,[]
VASOSEAL (TM),Other,1,66,66.0,0.2228,1995.0,False,0,[]
ELECSYS ANTI-HBC IMMUNOASSAY ON MODULAR ANALYSTICS E170,Diagnostic,0,0,0.0,0.0,,False,0,[]
SOFTCON BANDAGE LENS,Other,0,0,0.0,0.0,,False,0,[]
SOFTICS(TM) (POLYMACON),Other,0,0,0.0,0.0,,False,0,[]
POSTERIOR CHAMBER INTRAOCULAR LENSES MODEL CM21U,Other,0,0,0.0,0.0,,False,0,[]
CERAMIC TRANSCEND HIP ARTICULATION,Orthopedic,0,0,0.0,0.0,,False,0,[]
Clareon and Clareon Toric Intraocular Lenses (IOLs),Other,0,0,0.0,0.0,,False,0,[]
EDWARDS INTUITY Elite Valve System,Cardiovascular,18,142,7.888888888888889,0.19482222222222223,2016.0,False,1,"[{'start': 2015, 'end': 2023, 'intensity': 2.25}]"
Neuro Cochlear Implant System,Neuromodulation,11,94,8.545454545454545,0.16204848484848483,2020.0,False,1,"[{'start': 2018, 'end': 2022, 'intensity': 2.5}]"
Implantable System for Remodulin,Orthopedic,2,7,3.5,0.0221,2020.0,False,0,[]
BD FOCALPOINT SLIDE PROFILER,Other,3,44,14.666666666666666,0.08086666666666667,2010.0,True,0,[]
ADVIA CENTAUR ANTI-HBS (AHBS),Other,0,0,0.0,0.0,,False,0,[]
FOCALSEAL-L SYNTHETIC ABSORBABLE SEALANT,Other,0,0,0.0,0.0,,False,0,[]
AUTOBAC MIC TEST SYSTEM,Diagnostic,0,0,0.0,0.0,,False,0,[]
7F FISH-SP DEVICE,Other,0,0,0.0,0.0,,False,0,[]
EVERFLEX SELF-EXPANDING PERIPHERAL STENT WITH ENTRUST DELIVERY SYSTEM,Cardiovascular,0,0,0.0,0.0,,False,0,[]
TELECTRONICS PASAR MODEL 4171 PG,Imaging,0,0,0.0,0.0,,False,0,[]
Relay Thoracic Stent-Graft with Plus Delivery System,Cardiovascular,1,4,4.0,0.0202,2018.0,False,0,[]
HYDROGEN PEROXIDE DISINFECTION SOLUTION,Imaging,15,453,30.2,0.3683666666666667,1990.0,True,1,"[{'start': 1990, 'end': 1992, 'intensity': 5.0}]"
CORDIS 3.5 MM SOFT-WIRE ORION STEERABLE PTCA BALL.,Other,0,0,0.0,0.0,,False,0,[]
VERSANT HCV RNA QUALITATIVE ASSAY,Diagnostic,11,118,10.727272727272727,0.17797575757575756,2007.0,False,1,"[{'start': 2007, 'end': 2010, 'intensity': 2.3333333333333335}]"
"IOLAB SUREFIT MODELS 85JS, 85JM & 85JL ANTERIOR",Other,0,0,0.0,0.0,,False,0,[]
SUNSOFT (METHAFILOCN A) HYDROPHILIC CONTACT LENS,Imaging,0,0,0.0,0.0,,False,0,[]
RESOLUTE INTEGRITY RX ZOTAROLIMUS ELUTING CORONARY SYSTEM,Cardiovascular,0,0,0.0,0.0,,False,0,[]
SYNTHES PRODISC-C TOTAL DISC REPLACEMENT,Other,5,26,5.2,0.0436,2009.0,False,0,[]
Arista AH Absorbable Hemostatic Particles device,Other,0,0,0.0,0.0,,False,0,[]
ANGIOSCULPT SCORING BALLOON CATHETER,Other,14,172,12.285714285714286,0.20940952380952382,2009.0,False,1,"[{'start': 2006, 'end': 2011, 'intensity': 2.3333333333333335}]"
HYDROCURVE PATIENT DISINFECTION UNIT,Imaging,0,0,0.0,0.0,,False,0,[]
SIMPSON CORONARY ATHEROCATH(TM),Cardiovascular,0,0,0.0,0.0,,False,0,[]
ETHIBOND*,Other,0,0,0.0,0.0,,False,0,[]
MORCHER® Capsular Tension Rings,Other,0,0,0.0,0.0,,False,0,[]
MEDTRONIC(R) HALL PROSTHETIC HEART VALVE,Cardiovascular,1,138,138.0,0.2444,1992.0,True,0,[]
SOFT MATE WEEKLY CLEANING SOLUTION,Other,0,0,0.0,0.0,,False,0,[]
CORDIS PRECISE NITINOL  STENT SYSTEMS,Cardiovascular,1,0,0.0,0.003,2016.0,False,0,[]
FLEXSOL,Other,0,0,0.0,0.0,,False,0,[]
ABBOTT ARCHITECT ANTI-HCV,Imaging,46,611,13.282608695652174,0.4410971014492754,2013.0,True,1,"[{'start': 2006, 'end': 2016, 'intensity': 4.6}]"
POLYMETHYLMETHA-CRYLATE (PMMA) INTRAOCULAR LENSES (IOLS),Other,0,0,0.0,0.0,,False,0,[]
Filshie Clip (Mark VI) System,Other,0,0,0.0,0.0,,False,0,[]
CIBATINT(TM) TINTING PROCESS,Other,0,0,0.0,0.0,,False,0,[]
BARRICAID ANULAR CLOSURE DEVICE (ACD),Other,0,0,0.0,0.0,,False,0,[]
KONTRON CUTANEOUS PCO2 MONITOR,Other,0,0,0.0,0.0,,False,0,[]
Abbott RealTime IDH1,Other,2,34,17.0,0.0842,2020.0,True,0,[]
VENASEAL CLOSURE SYSTEM,Other,43,592,13.767441860465116,0.4283364341085271,2020.0,True,1,"[{'start': 2013, 'end': 2020, 'intensity': 5.375}]"
UV-ABSORBING SILICONE POSTERIOR CHAMBER IOLS W/TORIC OPTIC,Other,0,0,0.0,0.0,,False,0,[]
TESLACON(TM) NMR IMAGING SYSTEM,Imaging,0,0,0.0,0.0,,False,0,[]
Ranger Paclitaxel-Coated PTA Balloon Catheter,Other,0,0,0.0,0.0,,False,0,[]
CYBERLITH IV UNIPOLAR PULSE GENERATOR,Other,0,0,0.0,0.0,,False,0,[]
ADVIA CENTAUR PSA ASSAY,Diagnostic,10,200,20.0,0.2366666666666667,2007.0,False,1,"[{'start': 2007, 'end': 2010, 'intensity': 2.3333333333333335}]"
PEPGEN P-15 DENTAL BONE GRAFTING MATERIAL AND BIOLOGIC COMPONENT,Other,0,0,0.0,0.0,,False,0,[]
Zeiss 3-piece Hydrophobic Acrylic Intraocular lens (IOL),Other,4,16,4.0,0.09946666666666666,2021.0,False,1,"[{'start': 2019, 'end': 2024, 'intensity': 1.3333333333333333}]"
SATURN II(TM) (SYNERGICON A) CONTACT LENS,Imaging,0,0,0.0,0.0,,False,0,[]
PLASMA SEPARATION SYSTEM,Other,0,0,0.0,0.0,,False,0,[]
SORBIC ACID PRESERVED LENS LUBRICANT,Other,0,0,0.0,0.0,,False,0,[]
ALCON ENZYME CLEANER,Other,0,0,0.0,0.0,,False,0,[]
SORBIC ACID PRESERVED SALINE SOLUTION,Other,0,0,0.0,0.0,,False,0,[]
ACCESS HYBRITECH P2PSA REAGENTS ON THE ACCESS IMMUNOASSAY SYSTEMS,Diagnostic,0,0,0.0,0.0,,False,0,[]
COSEAL SURGICAL SEALANT,Other,5,96,19.2,0.12060000000000001,2001.0,False,0,[]
ANIMAS VIBE SYSTEM,Other,7,134,19.142857142857142,0.20443809523809525,2015.0,False,1,"[{'start': 2014, 'end': 2018, 'intensity': 1.75}]"
FALOPE-RING (R) BAND CONTRACEPTIVE TUBAL OCCLUSION SYSTEM,Other,0,0,0.0,0.0,,False,0,[]
MENTOR SALINE-FILLED TESTICULAR PROSTHESIS,Diagnostic,0,0,0.0,0.0,,False,0,[]
Elecsys HBeAg and PreciControl HBeAg,Other,0,0,0.0,0.0,,False,0,[]
FC2 FEMALE CONDOM,Other,13,157,12.076923076923077,0.201074358974359,2013.0,True,1,"[{'start': 2006, 'end': 2016, 'intensity': 2.1666666666666665}]"
BSD 1000 HYPERTHERMIA SYSTEM,Other,0,0,0.0,0.0,,False,0,[]
SONOTHERM 1000 ULTRASOUND HYPERTHERMIA SYSTEM,Imaging,0,0,0.0,0.0,,False,0,[]
ND:YAG POSTERIOR CAPSULOTOMY MODEL 100,Other,0,0,0.0,0.0,,False,0,[]
MEDTRONIC(R)MILLENIA TM 15 CORONARY BALLOON DILATATION CATHETER,Cardiovascular,0,0,0.0,0.0,,False,0,[]
PROSTATRON (TM) SYSTEM DISPOSABLE TREATMENT APPLICATOR,Therapeutic,0,0,0.0,0.0,,False,0,[]
VALIDATION/GETINGE ETHYLENE OXIDE STERILIZER,Other,0,0,0.0,0.0,,False,0,[]
BRAUN-CUTTER TRAPEZO-METACARPAL PROSTHESIS,Other,0,0,0.0,0.0,,False,0,[]
SOFTLENS CLEANING & DISINFECTING SOLN.,Imaging,0,0,0.0,0.0,,False,0,[]
HYALGAN,Other,48,1939,40.395833333333336,0.67225,2012.0,False,1,"[{'start': 2003, 'end': 2013, 'intensity': 4.363636363636363}]"
TMJ FOSSA EMINENCE/CONDYLAR PROSTHESIS SYSTEM,Other,3,144,48.0,0.2442,2002.0,True,0,[]
TECNIS MULTIFOCAL FOLDABLE POSTERIOR CHAMBER INTRAOCULAR LENS (IOL),Other,0,0,0.0,0.0,,False,0,[]
STAARVISC II,Other,0,0,0.0,0.0,,False,0,[]
Covera Vascular Covered Stent,Cardiovascular,5,22,4.4,0.10586666666666666,2020.0,True,1,"[{'start': 2018, 'end': 2022, 'intensity': 1.3333333333333333}]"
Zilver Vena Venous Self-Expanding Stent,Cardiovascular,6,53,8.833333333333334,0.13590000000000002,2022.0,False,1,"[{'start': 2018, 'end': 2022, 'intensity': 2.0}]"
NEXSTENT CAROTID STENT & MONORAIL DELIVERY SYSTEM,Cardiovascular,1,0,0.0,0.003,2008.0,False,0,[]
RESOLVE/GP(TM) DAILY CLEANER,Other,0,0,0.0,0.0,,False,0,[]
"PROSTHESIS, HIP, HEMI-FEMORAL, METAL",Orthopedic,0,0,0.0,0.0,,False,0,[]
"VITROS Immunodiagnostic Products HBsAg Reagent Pack, Calibrator and Confirmatory Kit",Imaging,0,0,0.0,0.0,,False,0,[]
MiSight 1 Day (omafilcon A) Soft (Hydrophilic) Contact Lenses for Daily Wear,Imaging,0,0,0.0,0.0,,False,0,[]
NOVASURE IMPEDANCE CONTROLLED ENDOMETRIAL ABLATION SYSTEM,Other,6,31,5.166666666666667,0.11463333333333334,2009.0,False,1,"[{'start': 2009, 'end': 2015, 'intensity': 1.5}]"
"VISCOAT OPHTHALMIC VISCOSURICAL DEVICE, DISCOVISC OPHTHALMIC VISCOSURGICAL DEVICE",Other,0,0,0.0,0.0,,False,0,[]
ETI-AB-EBK PLUS ASSAY,Diagnostic,0,0,0.0,0.0,,False,0,[]
DEXON,Other,0,0,0.0,0.0,,False,0,[]
Multifunctional Ablation Generator (MAG),Imaging,0,0,0.0,0.0,,False,0,[]
RES-Q(TM) MICRON ICD SYSTEM,Other,0,0,0.0,0.0,,False,0,[]
INSTAT COLLAGEN HEMOSTAT,Other,2,96,48.0,0.2268,2001.0,False,0,[]
eCoin Implant Tibial Stimulator,Orthopedic,12,66,5.5,0.1444666666666667,2024.0,False,1,"[{'start': 2019, 'end': 2025, 'intensity': 1.7142857142857142}]"
POLYCON CONTACT LENS,Imaging,3,11,3.6666666666666665,0.09363333333333333,1995.0,True,1,"[{'start': 1992, 'end': 1995, 'intensity': 1.5}]"
CRYSTALENS MODEL AT-45 ACCOMMODATING INTRACULAR LENS,Other,0,0,0.0,0.0,,False,0,[]
"LIAISON® XL MUREX HBeAg, LIAISON® XL MUREX Control HBeAg",Other,0,0,0.0,0.0,,False,0,[]
TECHNICON-38 (POLYMACON) HYDROPHYLIC   LENSES,Other,0,0,0.0,0.0,,False,0,[]
STELLAREX 0.035 OTW DRUG-COATED ANGIOPLASTY BALLOON,Other,0,0,0.0,0.0,,False,0,[]
ABBOTT CEA-EIA,Other,6,103,17.166666666666668,0.18423333333333336,1991.0,True,1,"[{'start': 1991, 'end': 1993, 'intensity': 2.0}]"
SCIMED MAGIC WALLSTENT ENDOPROSTHESIS WITH DELIVERY SYSTEM,Cardiovascular,0,0,0.0,0.0,,False,0,[]
SUPERA PERIPHERAL STENT SYSTEM,Cardiovascular,15,188,12.533333333333333,0.2182,2019.0,True,1,"[{'start': 2015, 'end': 2022, 'intensity': 2.142857142857143}]"
IMX HAVAB,Other,0,0,0.0,0.0,,False,0,[]
EUCLID SYSTEMS ORTHOKERATOLOGY (OPRIFOCON A) CONTACT LENS FOR OVERNIGHT WEAR,Imaging,0,0,0.0,0.0,,False,0,[]
J-LOOP POST.CHAM. IOL TYPE II,Other,0,0,0.0,0.0,,False,0,[]
CORAB,Other,0,0,0.0,0.0,,False,0,[]
STERILE PRESERVED SALINE SOLUTION,Other,10,124,12.4,0.18346666666666667,1999.0,True,1,"[{'start': 1990, 'end': 1999, 'intensity': 1.6666666666666667}]"
LASTAC SYSTEM,Other,3,0,0.0,0.009,1990.0,False,0,[]
600 SERIES DYE MODULES (MODELS 630 AND 630 XP) AND SERIES 700 AND 800 KTP/532 AND KTP/YAG SURGICAL LASERS,Other,0,0,0.0,0.0,,False,0,[]
ASPIRE Cristalle Digital Breast Tomosynthesis (DBT) Option,Other,0,0,0.0,0.0,,False,0,[]
SOFTHERM SOL.,Other,0,0,0.0,0.0,,False,0,[]
ADAPETTES,Other,0,0,0.0,0.0,,False,0,[]
OPTIGUIDE(TM) FIBER OPTIC DIFFUSER,Other,0,0,0.0,0.0,,False,0,[]
TRI POL 43 CONTACT LENS,Imaging,0,0,0.0,0.0,,False,0,[]
HER OPTION CRYOABLATION THERAPY SYSTEM,Therapeutic,6,7,1.1666666666666667,0.09143333333333334,2009.0,True,1,"[{'start': 2004, 'end': 2009, 'intensity': 1.2}]"
N.C.G.T. GRAFT,Other,0,0,0.0,0.0,,False,0,[]
CERAMTEC CERAMIC TRANSCEND HIP ARTICULATION SYSTEM,Orthopedic,0,0,0.0,0.0,,False,0,[]
THE HEART LASER(TM)CO2 TMR SYSTEM,Cardiovascular,2,1,0.5,0.0083,2001.0,False,0,[]
COLLAGRAFT(TM) BONE GRAFT MATRIX,Other,0,0,0.0,0.0,,False,0,[]
OCUSIL(TM) CONTACT LENS,Imaging,0,0,0.0,0.0,,False,0,[]
FOCUS NIGHT & DAY (LOTRAFILCON A) SOFT CONTACT LENSES,Imaging,4,43,10.75,0.0679,2004.0,True,0,[]
RX-56 POROFOCON A CONTACT LENS,Imaging,0,0,0.0,0.0,,False,0,[]
Lumicell Direct Visualization System (DVS),Imaging,2,1,0.5,0.0083,2024.0,False,0,[]
ARCHITECT HBSAG/CONFIRMATORY,Imaging,7,39,5.571428571428571,0.054985714285714284,2011.0,False,0,[]
RAY THREADED FUSION CAGE (TFC) DEVICE WITH INSTRUMENTATION,Other,0,0,0.0,0.0,,False,0,[]
CentriMag Circulatory Support System,Other,11,48,4.363636363636363,0.13152121212121212,2023.0,False,1,"[{'start': 2021, 'end': 2024, 'intensity': 2.75}]"
VARIPULSE Platform (VARIPULSE Catheter; TRUPULSE Generator; Sterile Interface Cable; nGEN Pump),Diabetes Management,0,0,0.0,0.0,,False,0,[]
"Restylane Refyne, Restylane Defyne",Other,0,0,0.0,0.0,,False,0,[]
VITROS Immunodiagnostic Products HBeAg Reagent Pack and Calibrator,Imaging,0,0,0.0,0.0,,False,0,[]
SURGILENE,Other,0,0,0.0,0.0,,False,0,[]
VIGOR MODEL 2880 SOFTWARE APPLICATION (REV 3.0),Other,0,0,0.0,0.0,,False,0,[]
INTER FIX RP THREADED FUSION DEVICE,Other,0,0,0.0,0.0,,False,0,[]
GIANTURCO-ROEHM BIRD'S NEST(TM) VENA CAVA FILTER,Other,0,0,0.0,0.0,,False,0,[]
KELVIN MODEL 500 UNIPOLAR CARDIAC PULSE GENERATOR,Cardiovascular,0,0,0.0,0.0,,False,0,[]
LENS-WET(TM),Other,1,2,2.0,0.0116,1992.0,False,0,[]
HYDROZYME WEEKLY ENZYMATIC CLEANER,Other,0,0,0.0,0.0,,False,0,[]
POLYTEF PASTE FOR INJECTION,Imaging,8,252,31.5,0.2256,1996.0,False,0,[]
Manta Vascular Closure Device,Other,130,1297,9.976923076923077,0.7065743589743589,2022.0,True,1,"[{'start': 2016, 'end': 2024, 'intensity': 16.25}]"
PALMZ BALLOON EXPANDABLE STENTS,Cardiovascular,0,0,0.0,0.0,,False,0,[]
HYPERION LTK SYSTEM,Other,2,10,5.0,0.029000000000000005,2003.0,True,0,[]
VICI VENOUS STENT System,Cardiovascular,11,79,7.181818181818182,0.1520939393939394,2022.0,False,1,"[{'start': 2019, 'end': 2022, 'intensity': 2.75}]"
Surpass Elite Flow Diverter System,Other,0,0,0.0,0.0,,False,0,[]
LENS PLUS(TM),Other,0,0,0.0,0.0,,False,0,[]
B&L 58(TM) (ETAFILCONA) CONTACT LENS,Imaging,0,0,0.0,0.0,,False,0,[]
AUTODELFIA HAFP KIT,Other,0,0,0.0,0.0,,False,0,[]
EDAP LT.01 SHOCK WAVE LITHOTRIPTER,Other,11,484,44.0,0.42086666666666667,1993.0,False,1,"[{'start': 1990, 'end': 1996, 'intensity': 1.5714285714285714}]"
SORBIC ACID PRESERVED DAILY CLEANER,Other,0,0,0.0,0.0,,False,0,[]
"MODEL 9600 PROG.,1250H GENERATOR SOFTWARE V4.10UE",Other,0,0,0.0,0.0,,False,0,[]
LENSRINS(R) STERILE PRESERVED SALINE SOLN,Other,0,0,0.0,0.0,,False,0,[]
EMS-SWISS DOLORCLAST,Other,5,58,11.6,0.0788,2005.0,True,0,[]
"OPTI-FREE RINSING,DISINFECTING & STORAGE SOLUTION",Imaging,0,0,0.0,0.0,,False,0,[]
X-70 SOFT CONTACT LENS,Imaging,0,0,0.0,0.0,,False,0,[]
ORAQUICK HCV RAPID ANTIBODY TEST,Diagnostic,30,602,20.066666666666666,0.41753333333333326,2014.0,True,1,"[{'start': 2010, 'end': 2019, 'intensity': 3.3333333333333335}]"
PLAIN GUT,Other,0,0,0.0,0.0,,False,0,[]
TRANSCYTE (DERMAGRAFT-TC),Other,0,0,0.0,0.0,,False,0,[]
Cerene Cryotherapy Device (Model Number FGS-7000),Therapeutic,0,0,0.0,0.0,,False,0,[]
SOFT MATE COMFORT DROPS,Other,0,0,0.0,0.0,,False,0,[]
FINEVISION HP Trifocal IOLs,Other,7,55,7.857142857142857,0.1355952380952381,2023.0,False,1,"[{'start': 2022, 'end': 2025, 'intensity': 1.75}]"
INTERCEED TC7  ABSORBABLE ADHESION BARRIER,Other,3,269,89.66666666666667,0.2897,1990.0,True,0,[]
"POLARx Short Tip (ST) Cryoablation Balloon Catheter, POLARx Long Tip (LT) Cryoablation Balloon Catheter, POLARx FIT S",Other,0,0,0.0,0.0,,False,0,[]
TRILURON,Other,0,0,0.0,0.0,,False,0,[]
COFLEX® INTERLAMINAR TECHNOLOGY,Other,1,1,1.0,0.0073,2011.0,False,0,[]
KENNEDY LAD(TM) LIGAMENT AUGMENTATION DEVICE,Other,0,0,0.0,0.0,,False,0,[]
"BAUSCH AND LOMB HEFILCON A, B AND C HYDROPHILIC CONTACT LENSES",Imaging,0,0,0.0,0.0,,False,0,[]
PGR-EIA MONOCLONAL,Other,4,111,27.75,0.1563,1994.0,False,0,[]
Exablate Model 4000 System,Other,4,47,11.75,0.0731,2014.0,False,0,[]
AQUASEPT II,Other,0,0,0.0,0.0,,False,0,[]
"SOFTEC HD,SOFTEC I,SOFTEC HD PS AND  SOFTEC HDO",Other,0,0,0.0,0.0,,False,0,[]
Osteonics ABC/Trident Systems,Other,0,0,0.0,0.0,,False,0,[]
B&L SENSITIVE EYES(TM) SALINE/CLEANING  SOLUTION,Other,0,0,0.0,0.0,,False,0,[]
PALMAZ-SCHATZ(TM) BALLOON EXPANDABLE STENT WITH DELIVERY SYSTEM,Cardiovascular,0,0,0.0,0.0,,False,0,[]
PROSORBA PROTEIN A IMMUNOADSORPTION COLUMN,Other,12,193,16.083333333333332,0.2249,2003.0,False,1,"[{'start': 2000, 'end': 2009, 'intensity': 2.0}]"
BIOLON 1% SODIUM HYALURONATE,Other,1,9,9.0,0.0417,2007.0,False,0,[]
STELID II/STELIX/STELIX II ENDOCARDIAL PACING LEAD,Other,0,0,0.0,0.0,,False,0,[]
FLUORO-CEP{R} ESTROGEN ASSAY REAGENT,Diagnostic,0,0,0.0,0.0,,False,0,[]
ELASTIMIDE(TM) SILICONE MODIFIED C-LOOP POST. CHAM,Other,0,0,0.0,0.0,,False,0,[]
DIOMED 630 PDT LASER,Other,2,119,59.5,0.2417,2006.0,True,0,[]
HeartStart FRx Defibrillator,Cardiovascular,2,1,0.5,0.0083,2020.0,False,0,[]
CEA-ROCHE(R) EIA,Other,2,38,19.0,0.09340000000000001,1991.0,True,0,[]
SYNTHOGRAFT(TM) LARGE GRANULAR (LG),Other,0,0,0.0,0.0,,False,0,[]
PDS(TM) SUTURE (CLEAR),Other,0,0,0.0,0.0,,False,0,[]
Puregraft Serene Breast Implant,Orthopedic,0,0,0.0,0.0,,False,0,[]
DILAPAN(TM),Other,0,0,0.0,0.0,,False,0,[]
Shockwave Intravascular Lithotripsy (IVL) System with Shockwave C2 Coronary Intravascular Lithotripsy (IVL) Catheter,Cardiovascular,0,0,0.0,0.0,,False,0,[]
8 ECTRAPROBE-PLR MODEL 900 OPTILASE CONTACT LASER,Imaging,0,0,0.0,0.0,,False,0,[]
EASY EYES (TM),Other,1,0,0.0,0.003,1990.0,True,0,[]
NOVOTTF-100A SYSTEM,Other,19,561,29.526315789473685,0.4100719298245614,2014.0,False,1,"[{'start': 2011, 'end': 2017, 'intensity': 3.8}]"
"B&L THERMA-ZYME, FIZZICLEAN",Other,0,0,0.0,0.0,,False,0,[]
SECONDLOOK COMPUTER-AIDED DETECTION SYSTEM,Imaging,1,0,0.0,0.003,2008.0,False,0,[]
Alinity m HR HPV,Other,19,51,2.6842105263157894,0.1497035087719298,2025.0,False,1,"[{'start': 2022, 'end': 2025, 'intensity': 4.75}]"
"CORDIS OLYMPIX,SLEUTH,& PREDATOR PTCA CATHETERS",Other,0,0,0.0,0.0,,False,0,[]
NON-ABSORBABLE (POLYESTER FIBER) SUTURES,Other,0,0,0.0,0.0,,False,0,[]
HYDROPERM (TM)  RIGID GAS PERMEABLE CONTACT LENS,Imaging,0,0,0.0,0.0,,False,0,[]
ZIMMER DOUGH TYPE & L.V.C.(R) BONE CEMENT,Other,0,0,0.0,0.0,,False,0,[]
BAYER VERSANT HCV RNA 3.0 ASSAY (BDNA),Diagnostic,28,961,34.32142857142857,0.576252380952381,2006.0,False,1,"[{'start': 2002, 'end': 2009, 'intensity': 3.5}]"
APPLIED LABORATORIES STERILE SALINE SOLUTION,Other,0,0,0.0,0.0,,False,0,[]
OPTI-CLEAN(TM) LC 1323,Other,0,0,0.0,0.0,,False,0,[]
GAS PERMEABLE REGIMEN,Other,4,42,10.5,0.13326666666666667,1993.0,True,1,"[{'start': 1990, 'end': 1994, 'intensity': 1.3333333333333333}]"
"X Series®, R Series®, AED Pro®, AED 3 BLS Professional Defibrillators, Pro-Padz Radiotransparent Electrode, SurePower",Imaging,0,0,0.0,0.0,,False,0,[]
PROGRAMALITH(TM) MODEL 223 PULSE GENERATOR & 398 P,Other,0,0,0.0,0.0,,False,0,[]
PRESTIGE LP(TM) CERVICAL DISC,Other,0,0,0.0,0.0,,False,0,[]
0ENSITIVE EYES(TM) SALINE & CLEANING SOLUTION,Other,0,0,0.0,0.0,,False,0,[]
"QUANTEL ACTIVIS LASER AND ZSL30 ACT, ZSL120 ACT, AND HSBMBQ ACT SLIT LAMP ADAPTERS",Imaging,0,0,0.0,0.0,,False,0,[]
OXYCEL   OXIDIZED,Other,0,0,0.0,0.0,,False,0,[]
BioMimics 3D Vascular Stent System,Cardiovascular,3,29,9.666666666666666,0.05636666666666667,2020.0,False,0,[]
VIEWPOINT CK SYSTEM,Other,2,19,9.5,0.04970000000000001,2003.0,True,0,[]
SEPTICON(TM) DISINFECTION REGIMEN FOR USE WITH,Imaging,0,0,0.0,0.0,,False,0,[]
SENSITITRE,Other,0,0,0.0,0.0,,False,0,[]
LADAR 6000 EXCIMER LASER SYSTEM,Other,0,0,0.0,0.0,,False,0,[]
WET-N-SOAK(TM) REWETTING DROPS,Other,0,0,0.0,0.0,,False,0,[]
ADAPPTE ARTIFICIAL TEAR,Other,0,0,0.0,0.0,,False,0,[]
STERILE SALINE PRESERVED SOLUTION,Other,15,1537,102.46666666666667,0.6116666666666666,1999.0,True,1,"[{'start': 1995, 'end': 2002, 'intensity': 1.875}]"
IMMULITE/IMMULITE 1000 AND IMMULITE 2000 ANTI-HBC IGM,Other,0,0,0.0,0.0,,False,0,[]
DIABETES SENTRY,Diabetes Management,0,0,0.0,0.0,,False,0,[]
Elecsys Anti-HCV II,Other,17,180,10.588235294117647,0.21401960784313728,2021.0,True,1,"[{'start': 2013, 'end': 2022, 'intensity': 1.8888888888888888}]"
KESTREL NO. 695 HEATER,Other,0,0,0.0,0.0,,False,0,[]
MODEL AC (AC1-AC5),Other,0,0,0.0,0.0,,False,0,[]
SOF-FORM 55 (METHAFILCON A) SOFT (HYDROPHILIC LENS,Other,0,0,0.0,0.0,,False,0,[]
MODIFIED J&C LOOP POST. CHAMBER INTRAOCULAR LENS,Other,0,0,0.0,0.0,,False,0,[]
ABBOTT ANTI-DELTA EIA,Other,2,130,65.0,0.245,1993.0,False,0,[]
UNIZYME(TM) ENZYMATIC CLEANER,Other,0,0,0.0,0.0,,False,0,[]
QUIK-PAK Electrodes,Imaging,0,0,0.0,0.0,,False,0,[]
VITROS Immunodiagnostic Products Anti-HBs Quantitative Reagent Pack and Calibrator,Imaging,0,0,0.0,0.0,,False,0,[]
COMPLETE SE VASCULAR STENT SYSTEM-SFA AND PPA,Cardiovascular,1,93,93.0,0.2309,2017.0,False,0,[]
HEALTHTRONICS OSSATRON,Other,2,5,2.5,0.0175,2007.0,True,0,[]
Oncomine Dx Express Test,Diagnostic,6,4,0.6666666666666666,0.08853333333333332,2023.0,False,1,"[{'start': 2023, 'end': 2025, 'intensity': 2.0}]"
ENZYME/ SURFACTANT TABLET,Imaging,0,0,0.0,0.0,,False,0,[]
NOVATION CERAMIC ARTICULATION HIP SYSTEM,Orthopedic,0,0,0.0,0.0,,False,0,[]
Saluda Medical Evoke® SCS System,Other,0,0,0.0,0.0,,False,0,[]
DEKLENE(TM),Other,0,0,0.0,0.0,,False,0,[]
ORCOLON (R) (POLYACRYLAMIDE),Other,0,0,0.0,0.0,,False,0,[]
CRYSTALENS SALINE SPRAY,Other,0,0,0.0,0.0,,False,0,[]
COOPERVISION PEROXIDE SYSTEM,Other,0,0,0.0,0.0,,False,0,[]
Chocolate Touch Paclitaxel Drug-Coated PTA Balloon Catheter (Chocolate Touch),Other,0,0,0.0,0.0,,False,0,[]
AB-CORE K HEPATITIS B CORE ANTIGEN 125I,Other,0,0,0.0,0.0,,False,0,[]
SILSOFT (ELASTOFILCON A ) CONTACT LENS,Imaging,0,0,0.0,0.0,,False,0,[]
BOIL N SOAK CONTACT LENS FLUID,Imaging,0,0,0.0,0.0,,False,0,[]
ELECSYS ANTI-HBS (ANTI-HBS) TEST SYSTEM,Diagnostic,0,0,0.0,0.0,,False,0,[]
ALAIR BRONCHIAL THERMOPLASTY SYSTEM,Other,9,65,7.222222222222222,0.14205555555555555,2010.0,True,1,"[{'start': 2007, 'end': 2015, 'intensity': 1.8}]"
EMIT 2000 CYCLOSPORINE SPECIFIC ASSAY,Diagnostic,5,55,11.0,0.14216666666666666,2001.0,True,1,"[{'start': 2001, 'end': 2005, 'intensity': 1.6666666666666667}]"
PDS SUTURE (DYED),Other,0,0,0.0,0.0,,False,0,[]
HELIOS II ABLATION CATHETER,Other,2,75,37.5,0.17850000000000002,2007.0,False,0,[]
INTRAOCULAR LENS MODELS C118;C119;C138 AND C139,Other,0,0,0.0,0.0,,False,0,[]
AGENT Paclitaxel-Coated Balloon Catheter,Other,7,17,2.4285714285714284,0.10248095238095238,2022.0,False,1,"[{'start': 2022, 'end': 2025, 'intensity': 1.75}]"
CONSERVE PLUS TOTAL RESURFACING HIP SYSTEM,Orthopedic,1,11,11.0,0.050300000000000004,2011.0,False,0,[]
O.P.R. -55 SOFT CONTACT LENS,Imaging,0,0,0.0,0.0,,False,0,[]
QUICK-CLOSE VASCULAR SUTURING SYSTEM,Other,19,257,13.526315789473685,0.2548719298245614,2010.0,False,1,"[{'start': 2006, 'end': 2014, 'intensity': 2.125}]"
MENICON SF-P (TISILFOCON A) RIGID GAS PERMEABLE CONTACT LENS,Imaging,0,0,0.0,0.0,,False,0,[]
"OCUCOAT, PMMA AND SILICONE INTRAOCULAR LENSES",Other,0,0,0.0,0.0,,False,0,[]
PINPOINT ENDOSCOPIC LIGHT SOURCE AND VIDEO CAMERA,Other,0,0,0.0,0.0,,False,0,[]
Lutonix 018 Drug Coated Balloon PTA Catheter,Other,0,0,0.0,0.0,,False,0,[]
WiSE® (Wireless Stimulation of the Endocardium Technology) CRT System,Neuromodulation,0,0,0.0,0.0,,False,0,[]
ANTI-CARCINOEMBRYONIC ANTIGEN (GOAT) CEA RIA,Other,0,0,0.0,0.0,,False,0,[]
LDR Spine Mobi-C Cervical Disc Prosthesis,Other,0,0,0.0,0.0,,False,0,[]
THXID BRAF KIT,Other,3,0,0.0,0.009,2016.0,True,0,[]
LUMBAR I/F CAGE WITH VSP SPINE SYSTEM,Other,0,0,0.0,0.0,,False,0,[]
AUTOBAC MTS PLUS TEST SYTEM,Diagnostic,0,0,0.0,0.0,,False,0,[]
ABSORB GT1 BIORESORBABLE VASCULAR SCAFFOLD (BVS) SYSTEM,Other,2,2,1.0,0.0106,2017.0,False,0,[]
"MODEL4553 MICRO-PACE,DUAL-CHAMBER,DDD TEMPORARY CARDIAC PACEMAKER",Cardiovascular,0,0,0.0,0.0,,False,0,[]
UNISOL,Other,0,0,0.0,0.0,,False,0,[]
ABBOTT COMMANDER(R) PPC AFP-EIA,Other,0,0,0.0,0.0,,False,0,[]
IMPLANTABLE MINIATURE TELESCOPE (IMT),Orthopedic,6,64,10.666666666666666,0.14653333333333335,2013.0,True,1,"[{'start': 2011, 'end': 2015, 'intensity': 1.5}]"
COLLAGEN SUTURE (PLAIN!CHROMIC) ABSORBABLE,Other,0,0,0.0,0.0,,False,0,[]
HAVAB-M EIA DIAGNOSTIC KIT,Diagnostic,0,0,0.0,0.0,,False,0,[]
BAUSCH & LOMB FW TORIC (LIDOFILCON) CONTACT LENSES,Imaging,0,0,0.0,0.0,,False,0,[]
GEMINI(R) THETA MODEL 415A CARDIAC PACER,Cardiovascular,0,0,0.0,0.0,,False,0,[]
"SILK SUTURE, NONABSORBABLE SURG. SUTURE, USP",Other,0,0,0.0,0.0,,False,0,[]
"SIEMENS IMMULITE PSA AND THIRD GENERATION PSA ASSAYS ON THE IMMULITE, IMMULITE 1000, 2000 AND IMMULITE 2500 ANALYZERS",Diagnostic,0,0,0.0,0.0,,False,0,[]
NEW JERSEY LCS(R) UNICOMPARTMENTAL KNEE,Orthopedic,0,0,0.0,0.0,,False,0,[]
ANGIOLINK VASCULAR CLOSURE SYSTEM,Other,0,0,0.0,0.0,,False,0,[]
MAESTRO(R) II SAVVI(TM) PACING SYS MODEL 325 & 333,Other,0,0,0.0,0.0,,False,0,[]
PINNACLE COMPLETE ACETABULAR HIP SYSTEM,Orthopedic,0,0,0.0,0.0,,False,0,[]
ANTIMICROBIAL SUSCEPTABILITY TEST SYSTEM,Diagnostic,0,0,0.0,0.0,,False,0,[]
IMMULITE/IMMULITE 2000 FREE PSA,Other,9,357,39.666666666666664,0.3594333333333333,2006.0,False,1,"[{'start': 2006, 'end': 2009, 'intensity': 2.0}]"
OMNISCEINCE PROSTHETIC CARDIAC VALVE,Cardiovascular,0,0,0.0,0.0,,False,0,[]
SWEDISH ADJUSTABLE GASTRIC BAND,Other,77,4073,52.896103896103895,0.7976666666666665,2008.0,False,1,"[{'start': 2003, 'end': 2013, 'intensity': 7.7}]"
SUPERSTAT,Other,0,0,0.0,0.0,,False,0,[]
oncoRevealTM CDx,Other,0,0,0.0,0.0,,False,0,[]
HEMASHIELD WOVEN DOUBLE VELOUR GRAFTS,Other,0,0,0.0,0.0,,False,0,[]
SOFLENS66(TM),Other,0,0,0.0,0.0,,False,0,[]
Neuspera Sacral Neuromodulation System,Neuromodulation,1,1,1.0,0.0073,2025.0,False,0,[]
CIRCULAR OPEN LOOP POSTERIOR IOLS & KRATZ ELLIPTIC,Other,0,0,0.0,0.0,,False,0,[]
INDEPENDENCE IBOT 3000/4000 MOBILITY SYSTEM,Other,0,0,0.0,0.0,,False,0,[]
"PRIME{TM} MODEL 6520, 6525, 6530 AND 6535",Other,0,0,0.0,0.0,,False,0,[]
TDX CYCLOSPORINE AND METABOLITES SERUM ASSAY,Diagnostic,0,0,0.0,0.0,,False,0,[]
VH8500 HYPERTHERMIA TREATMENT SYSTEM,Therapeutic,1,1,1.0,0.0073,1993.0,False,0,[]
"ARTERX SURGICAL SEALANT,",Other,0,0,0.0,0.0,,False,0,[]
MICROSS-SL(TM) PTCA DILATATION CATHETER,Other,0,0,0.0,0.0,,False,0,[]
Duo Venous Stent System,Cardiovascular,3,3,1.0,0.08056666666666666,2024.0,False,1,"[{'start': 2023, 'end': 2024, 'intensity': 1.5}]"
THE AMCON WAY II,Other,0,0,0.0,0.0,,False,0,[]
"EPi-Sense®, EPi-Sense ST Guided Coagulation System",Other,0,0,0.0,0.0,,False,0,[]
DURASOFT CONTACT LENS,Imaging,5,82,16.4,0.10519999999999999,1990.0,True,0,[]
activL Artifical Disc,Imaging,0,0,0.0,0.0,,False,0,[]
TITRATOR{TM} MODEL 10K,Other,0,0,0.0,0.0,,False,0,[]
"Prospera SCS System Next Generation Active Anchor, TrueLock",Imaging,0,0,0.0,0.0,,False,0,[]
KONTUR SOFT (METHAFILCON A) LENS,Other,0,0,0.0,0.0,,False,0,[]
HYPO-CARE STERILE SALINE SPRAY,Other,0,0,0.0,0.0,,False,0,[]
MODEL P-11 MODIFIED J-LOOP POSTERIOR CHAMBER IOL,Other,0,0,0.0,0.0,,False,0,[]
FLEXLENS,Other,0,0,0.0,0.0,,False,0,[]
SOFTACT II (POLYMACON),Imaging,0,0,0.0,0.0,,False,0,[]
TRESOFT OCUFILCON SOFT HYDROPHILIC CONTACT LENS,Imaging,0,0,0.0,0.0,,False,0,[]
"META-MV,PACING SYSTEM",Other,0,0,0.0,0.0,,False,0,[]
CUSTOMEYES 70L & 79L (LIDOFILCON A&B),Other,0,0,0.0,0.0,,False,0,[]
DANKER SILICONE LENS (DIMEFOCON-A),Other,0,0,0.0,0.0,,False,0,[]
SILSOFT (ELASTOFILCON A) CONTACT LENSES,Imaging,0,0,0.0,0.0,,False,0,[]
METROSOFT(TM) II (POLYMACON) HYDROPHILIC CONTACT,Imaging,0,0,0.0,0.0,,False,0,[]
TORAY SOFT CONTACT LENSES,Imaging,0,0,0.0,0.0,,False,0,[]
CA 125 ANTIBODY RIA,Other,4,73,18.25,0.1069,1992.0,True,0,[]
CYBERTACH(TM) 60 PULSE GENERATOR & PROGRAMMER,Other,0,0,0.0,0.0,,False,0,[]
DURASOFT4 (OFILCON A) CONTACT LENSES/SHELF LIFE,Imaging,0,0,0.0,0.0,,False,0,[]
AQUAFLEX[TETRAFILCON A] CONTACT LENSES/SHELF LIFE,Imaging,0,0,0.0,0.0,,False,0,[]
STORZ POSTERIOR CHAMBER INTRAOCULAR LENSES,Other,0,0,0.0,0.0,,False,0,[]
BIOBRANE,Other,27,591,21.88888888888889,0.4125222222222222,1995.0,True,1,"[{'start': 1990, 'end': 1995, 'intensity': 5.4}]"
MODEL 91-50 IOL,Other,0,0,0.0,0.0,,False,0,[]
TENNANT(TM) & KELMAN(TM) TYPE II,Other,0,0,0.0,0.0,,False,0,[]
KELMAN(TM) OMNIFIT II MODEL 2100,Other,0,0,0.0,0.0,,False,0,[]
MODEL UV65 ANTERIOR CHAMBER INTRAOCULAR LENS,Other,0,0,0.0,0.0,,False,0,[]
9EPANOSTIKA(TM) ANTI-HAV IGM,Other,0,0,0.0,0.0,,False,0,[]
HEPANOSTIKA(TM) ANTI-HAV MIDROELISA SYSTEM,Other,0,0,0.0,0.0,,False,0,[]
HEPANOSTIKA(TM) HBEAG/ANTI HBE MICROELISA(TM) SYST,Other,0,0,0.0,0.0,,False,0,[]
MAESTRO SERIES 500 P.G.& MODEL 1006 PACEMAKER PROG,Other,0,0,0.0,0.0,,False,0,[]
ADYPI (ETAFILCON A) HYDROPHILIC CONTACT LENS,Imaging,0,0,0.0,0.0,,False,0,[]
CIBA VISION LENS DROPS,Other,0,0,0.0,0.0,,False,0,[]
SENSITIVE EYES CLEANING/DISINFECTING SOLUTION,Imaging,0,0,0.0,0.0,,False,0,[]
"LEOCOR,INC. MODELS 1",Other,0,0,0.0,0.0,,False,0,[]
CIBA VISION(R) STERILE BUFFERED AEROSOL SALINE,Other,0,0,0.0,0.0,,False,0,[]
LASAG TOPAZ ND:YAG LASER SYSTEM,Other,0,0,0.0,0.0,,False,0,[]
MIRAFLOW EXTRA STRENGTH CLEANER,Other,0,0,0.0,0.0,,False,0,[]
STERIDYNE DYNASPRAY,Other,0,0,0.0,0.0,,False,0,[]
DAVOL EXTERNALIZED EPIDURAL CATHETER,Other,0,0,0.0,0.0,,False,0,[]
MODEL 14760 UV ABSORBING POSTERIOR CHAMBER LENSES,Other,0,0,0.0,0.0,,False,0,[]
8IGNATURE CONTACT LENS,Imaging,0,0,0.0,0.0,,False,0,[]
MODEL AC-21 OMNIFIT ANTERIOR CHAMBER,Other,0,0,0.0,0.0,,False,0,[]
FIBREL,Other,8,160,20.0,0.21866666666666668,1991.0,True,1,"[{'start': 1990, 'end': 1992, 'intensity': 1.6666666666666667}]"
STERILIZED FINISHED OCUFILCON B LENSES,Other,0,0,0.0,0.0,,False,0,[]
VIS-SOL STERILE PRESERVED SALINE SOLUTION,Other,0,0,0.0,0.0,,False,0,[]
ALVEOFORM TM BIOGRAFT,Other,0,0,0.0,0.0,,False,0,[]
NOVAFIL(TM),Other,0,0,0.0,0.0,,False,0,[]
MURINE CONTACT LENS CLEANER,Imaging,0,0,0.0,0.0,,False,0,[]
BOSTON LENS(R) CLEANER,Other,0,0,0.0,0.0,,False,0,[]
ETI-AB-HAVK,Other,0,0,0.0,0.0,,False,0,[]
BOSTON LENS(R) CONDITIONING SOLUTION,Other,0,0,0.0,0.0,,False,0,[]
CLINI-THERM MARK I/IV/ DIPOLE ARRAY APPLICATOR,Other,0,0,0.0,0.0,,False,0,[]
ETI-HA-IGMK,Other,0,0,0.0,0.0,,False,0,[]
ENZYMUN-TEST{R} AFP,Diagnostic,0,0,0.0,0.0,,False,0,[]
TROPHOCAN TM,Other,0,0,0.0,0.0,,False,0,[]
PERIOCHECK TM ENZYME ACTIVITY TEST KIT,Imaging,0,0,0.0,0.0,,False,0,[]
B&L SENSITIVE EYES(TM) DAILY CLEANER,Other,0,0,0.0,0.0,,False,0,[]
WET-N-SOAK,Other,2,29,14.5,0.0727,1991.0,False,0,[]
NOVALENS,Other,1,0,0.0,0.003,1991.0,False,0,[]
PARAPERM O2 CONTACT LENS CLEAR & BLUE,Imaging,0,0,0.0,0.0,,False,0,[]
SYNSOFT(TM) (POLYMACON) BIFOCAL CONTACT LENS,Imaging,0,0,0.0,0.0,,False,0,[]
O-PERM F60 RGP CONTACT LENS,Imaging,0,0,0.0,0.0,,False,0,[]
GENESIS SYSTEM & TERM GUARD I & TERM GUARD II SYS.,Other,0,0,0.0,0.0,,False,0,[]
NON-ABSORBABLE BLACK SILK SUTURE,Other,0,0,0.0,0.0,,False,0,[]
SOF PRO-CLEAN CONTACT LENS CLEANER,Imaging,0,0,0.0,0.0,,False,0,[]
FLUOROCON TM-60,Other,0,0,0.0,0.0,,False,0,[]
HALLMARK ABSORBO ABSORBABLE DUSTING POWDER,Other,0,0,0.0,0.0,,False,0,[]
MANSFIELD SCI. AORTIC VALVULOPLASTY CATHETER,Other,0,0,0.0,0.0,,False,0,[]
NOVACOL(TM) TEXTURED COLLAGEN HEMOSTATIC AGENT,Other,0,0,0.0,0.0,,False,0,[]
1YCLO-TRAC SP WHOLE BLOOD & SERUM/PLASMA ASSAYS,Diagnostic,0,0,0.0,0.0,,False,0,[]
AML(R) POROCOAT(R) ACETABULAR CUP PROSTHESIS,Other,0,0,0.0,0.0,,False,0,[]
ANGELCHIK ANTI-REFLUX PROSTHESIS,Other,2,186,93.0,0.26180000000000003,1993.0,True,0,[]
OTI-05 & LATHE-40 (POLYMACON) LATHE-CUT HYDROPHILI,Other,0,0,0.0,0.0,,False,0,[]
DEXTRAN HM 32,Other,0,0,0.0,0.0,,False,0,[]
SEREINE WETTING & SOAKING SOLUTION,Other,0,0,0.0,0.0,,False,0,[]
SEREINE CLEANER,Other,0,0,0.0,0.0,,False,0,[]
DE-STAT 3 CLEANING SOAKING CONDITIONING SOLUTION,Other,0,0,0.0,0.0,,False,0,[]
STAY WET 3 & STAY WET 3 (SA),Other,0,0,0.0,0.0,,False,0,[]
MODELS A21-A & A21-B POSTERIOR CHAMBER INTRAOCULAR,Other,0,0,0.0,0.0,,False,0,[]
THE SOFT RINSE SYSTEM,Other,6,187,31.166666666666668,0.26543333333333335,1996.0,True,1,"[{'start': 1990, 'end': 1996, 'intensity': 1.5}]"
SURGICAL SIMPLEX(R) P BONE CEMENT,Other,0,0,0.0,0.0,,False,0,[]
BIAS(R) FIBER METAL TOTAL HIP SYSTEM,Orthopedic,0,0,0.0,0.0,,False,0,[]
SENSITIVE EYES CHEMICAL DISINFECTANT,Imaging,0,0,0.0,0.0,,False,0,[]
BIO-RAD CYCLOSPORINE BY HPLC TEST,Diagnostic,0,0,0.0,0.0,,False,0,[]
CIBA VISION CLEANER,Other,0,0,0.0,0.0,,False,0,[]
ESOPHAGEAL CARDIAC RECORDING & PACING CATHETER,Cardiovascular,3,24,8.0,0.0482,1992.0,True,0,[]
CLINICAL ASSAYS (TM) GAMMADAB(R) [ 125 I ],Diagnostic,0,0,0.0,0.0,,False,0,[]
MAXON(TM) POLYGLYCONATE MONOFILAMENT ABSORBABLE SU,Other,0,0,0.0,0.0,,False,0,[]
~[24~R DIRECT CURRENT BONE GROWTH STIMULATOR,Imaging,0,0,0.0,0.0,,False,0,[]
SOFT-CARE DISINFECTION REGIMEN FOR CONTACT LENSES,Imaging,4,24,6.0,0.10986666666666667,1995.0,True,1,"[{'start': 1990, 'end': 1995, 'intensity': 1.3333333333333333}]"
ALGES(TM) (HEFILCON A) CONTACT LENS,Imaging,0,0,0.0,0.0,,False,0,[]
WHITESIDE EPS(TM) FEMORAL HIP PROSTHESIS,Orthopedic,0,0,0.0,0.0,,False,0,[]
EPCON SOFT (POLYMACON) SPHERICAL AND TORIC LENSES,Other,0,0,0.0,0.0,,False,0,[]
FINISHED METHAFILCON A CONTACT LENSES,Imaging,0,0,0.0,0.0,,False,0,[]
RIANEN(TM) (3H) PROGESTIN RECEPTOR ASSAY KIT,Diagnostic,0,0,0.0,0.0,,False,0,[]
PRENTIF TM CAVITY RIM CERVICAL CAP,Other,0,0,0.0,0.0,,False,0,[]
FLEXLENS (HEFILCON A) SOFT CONTACT LENSES,Imaging,0,0,0.0,0.0,,False,0,[]
CHORUS DDD PACEMAKER,Other,3,526,175.33333333333334,0.3668,1992.0,True,0,[]
P.C.A.(TM) TOTAL KNEE SYSTEM,Orthopedic,0,0,0.0,0.0,,False,0,[]
NEWLENSCO CLASSIC SERIES(TM) MODEL MP-2410 TIER B,Other,0,0,0.0,0.0,,False,0,[]
